var,estimate,ci,pd,ps,bf,ess,rhat
sigma_celularabcslinfocitostotales,0.93,"[0.82, 1.06]",1,1,1396.4,7998.8,1
sigma_celularabcsbcells,1.06,"[0.94, 1.21]",1,1,2731.59,9827.3,1
sigma_celularageassociatedbcell,1.07,"[0.95, 1.22]",1,1,1355.17,9285.6,1
Intercept_celularabcslinfocitostotales,0.03,"[0, 0.1]",1,0.057,0.01,11550.3,1
Intercept_celularabcsbcells,0.05,"[0, 0.14]",1,0.15,0.02,11271.3,1
Intercept_celularageassociatedbcell,0.05,"[0, 0.14]",1,0.163,0.02,10957.6,1
rescor__celularabcslinfocitostotales__celularabcsbcells,0.06,"[-0.11, 0.24]",0.755,0.338,0.04,9780,1
rescor__celularabcslinfocitostotales__celularageassociatedbcell,-0.13,"[-0.3, 0.04]",0.935,0.65,0.09,11272.9,1
rescor__celularabcsbcells__celularageassociatedbcell,-0.34,"[-0.49, -0.19]",1,0.998,180.49,8291.3,1
lprior,-374.71,"[-379.83, -370.95]",1,1,52767.88,5216.3,1
lp__,-1134.93,"[-1157.55, -1113.27]",1,1,373498.46,3015.8,1
sigma_sociodemograficoq1personalactivities,1.01,"[0.89, 1.15]",1,1,1000.8,9927.4,1
sigma_sociodemograficoq1familylife,0.94,"[0.82, 1.06]",1,1,2273.25,10368,1
sigma_sociodemograficoq1profesionallife,0.97,"[0.85, 1.1]",1,1,1982.11,10476.5,1
sigma_sociodemograficoq1sociallife,0.89,"[0.78, 1]",1,1,1632.19,10197.2,1
sigma_sociodemograficoq1metalhealth,0.67,"[0.59, 0.76]",1,1,1021.89,9761.4,1
sigma_sociodemograficoq1caretakers,0.95,"[0.83, 1.07]",1,1,1953.16,10860.5,1
Intercept_sociodemograficoq1personalactivities,0.26,"[0.11, 0.41]",1,0.985,40.25,10588.1,1
Intercept_sociodemograficoq1familylife,0.31,"[0.18, 0.45]",1,0.999,2888.4,11677.8,1.001
Intercept_sociodemograficoq1profesionallife,0.31,"[0.17, 0.46]",1,0.998,2529.74,12514.6,1
Intercept_sociodemograficoq1sociallife,0.29,"[0.16, 0.42]",1,0.997,306.22,13265,1
Intercept_sociodemograficoq1metalhealth,0.39,"[0.29, 0.49]",1,1,1811.65,16174.9,1
Intercept_sociodemograficoq1caretakers,0.28,"[0.14, 0.42]",1,0.996,915.48,12289.5,1
rescor__sociodemograficoq1personalactivities__sociodemograficoq1familylife,0.26,"[0.1, 0.41]",0.998,0.971,1.83,9939.8,1
rescor__sociodemograficoq1personalactivities__sociodemograficoq1profesionallife,0.11,"[-0.06, 0.28]",0.89,0.535,0.06,10206.7,1
rescor__sociodemograficoq1familylife__sociodemograficoq1profesionallife,0.33,"[0.17, 0.48]",1,0.997,98.42,9961.1,1
rescor__sociodemograficoq1personalactivities__sociodemograficoq1sociallife,0.08,"[-0.09, 0.25]",0.803,0.395,0.04,10971.5,1
rescor__sociodemograficoq1familylife__sociodemograficoq1sociallife,0.06,"[-0.12, 0.22]",0.737,0.313,0.04,10827.6,1
rescor__sociodemograficoq1profesionallife__sociodemograficoq1sociallife,0.13,"[-0.04, 0.31]",0.928,0.649,0.09,10628,1
rescor__sociodemograficoq1personalactivities__sociodemograficoq1metalhealth,0.17,"[0, 0.33]",0.977,0.806,0.19,10802.7,1
rescor__sociodemograficoq1familylife__sociodemograficoq1metalhealth,0.19,"[0.03, 0.37]",0.985,0.856,0.28,10773.8,1
rescor__sociodemograficoq1profesionallife__sociodemograficoq1metalhealth,0.13,"[-0.05, 0.3]",0.921,0.62,0.08,10384.8,1
rescor__sociodemograficoq1sociallife__sociodemograficoq1metalhealth,0.11,"[-0.07, 0.28]",0.897,0.56,0.07,10103.5,1
rescor__sociodemograficoq1personalactivities__sociodemograficoq1caretakers,0.25,"[0.08, 0.4]",0.998,0.952,1.7,9425.4,1
rescor__sociodemograficoq1familylife__sociodemograficoq1caretakers,0.13,"[-0.03, 0.3]",0.936,0.649,0.09,10845,1
rescor__sociodemograficoq1profesionallife__sociodemograficoq1caretakers,0.1,"[-0.08, 0.26]",0.85,0.484,0.05,10295,1
rescor__sociodemograficoq1sociallife__sociodemograficoq1caretakers,0.18,"[0.02, 0.36]",0.979,0.829,0.25,10103.4,1
rescor__sociodemograficoq1metalhealth__sociodemograficoq1caretakers,0.04,"[-0.14, 0.21]",0.659,0.242,0.03,9189.3,1
lprior,-749.68,"[-756.73, -743.87]",1,1,130050.75,5351.4,1
lp__,-2105.25,"[-2137.66, -2072.42]",1,1,682904.5,2851.4,1
sigma_kinesiologiainbodyme,0.61,"[0.53, 0.69]",1,1,1315.35,10115.3,1
sigma_kinesiologiainbodydegrasa,0.88,"[0.78, 1]",1,1,2155.19,10403.4,1
sigma_kinesiologiapeso,0.83,"[0.73, 0.93]",1,1,1347.49,7449.8,1
sigma_kinesiologiatalla,1.01,"[0.89, 1.15]",1,1,2649.89,6788.1,1
sigma_kinesiologiaimc,0.85,"[0.75, 0.96]",1,1,1593.67,8407.3,1
Intercept_kinesiologiainbodyme,0.01,"[0, 0.04]",1,0,0,12056.8,1
Intercept_kinesiologiainbodydegrasa,0.15,"[0.02, 0.27]",1,0.764,0.35,7579.7,1
Intercept_kinesiologiapeso,0.11,"[0.03, 0.2]",1,0.624,0.56,6776.7,1
Intercept_kinesiologiatalla,0.05,"[0, 0.16]",1,0.217,0.03,10051.5,1
Intercept_kinesiologiaimc,0.15,"[0.03, 0.26]",1,0.793,1.07,7592.5,1
rescor__kinesiologiainbodyme__kinesiologiainbodydegrasa,0.1,"[-0.08, 0.27]",0.85,0.482,0.05,7168.7,1
rescor__kinesiologiainbodyme__kinesiologiapeso,0.71,"[0.62, 0.79]",1,1,1812.07,10175.7,1
rescor__kinesiologiainbodydegrasa__kinesiologiapeso,0.56,"[0.43, 0.68]",1,1,2377.43,8895.2,1
rescor__kinesiologiainbodyme__kinesiologiatalla,0.02,"[-0.14, 0.2]",0.594,0.186,0.03,11183.9,1
rescor__kinesiologiainbodydegrasa__kinesiologiatalla,-0.08,"[-0.25, 0.1]",0.816,0.413,0.05,10853.4,1
rescor__kinesiologiapeso__kinesiologiatalla,0.01,"[-0.16, 0.18]",0.562,0.156,0.03,12265.9,1
rescor__kinesiologiainbodyme__kinesiologiaimc,0.45,"[0.31, 0.59]",1,1,3001.29,8834.3,1
rescor__kinesiologiainbodydegrasa__kinesiologiaimc,0.46,"[0.32, 0.59]",1,1,2923.23,8914,1
rescor__kinesiologiapeso__kinesiologiaimc,0.8,"[0.73, 0.86]",1,1,1130.09,7348,1
rescor__kinesiologiatalla__kinesiologiaimc,-0.01,"[-0.17, 0.17]",0.544,0.15,0.03,12281.7,1
lprior,-628.01,"[-634.3, -622.73]",1,1,112987.22,4902,1
lp__,-1498.61,"[-1529.61, -1469.53]",1,1,632272.33,2925.4,1
sigma_laboratoriomonocitos,0.9,"[0.79, 1.02]",1,1,1468.74,8631.4,1
sigma_laboratoriolinfocitos,1.01,"[0.89, 1.15]",1,1,2720.69,8157.8,1
sigma_laboratoriobasofilos,0.98,"[0.86, 1.11]",1,1,802.55,8353.6,1
sigma_laboratorioeosinofilos,0.95,"[0.83, 1.07]",1,1,1689.45,7942.5,1
sigma_laboratorioplaquetas,1.01,"[0.89, 1.15]",1,1,2649.87,8924.8,1
sigma_laboratorioleucocitos,1,"[0.88, 1.12]",1,1,2264.23,9004.8,1
sigma_laboratoriohemoglobina,0.75,"[0.66, 0.84]",1,1,1923.51,8355.2,1
sigma_laboratoriohematocrito,0.74,"[0.65, 0.84]",1,1,1544.58,8512.2,1
Intercept_laboratoriomonocitos,0.02,"[0, 0.09]",1,0.027,0.01,11453.3,1
Intercept_laboratoriolinfocitos,0.04,"[0, 0.13]",1,0.13,0.02,10658.6,1
Intercept_laboratoriobasofilos,0.05,"[0, 0.14]",1,0.162,0.02,10703.5,1.001
Intercept_laboratorioeosinofilos,0.04,"[0, 0.14]",1,0.136,0.02,9292.6,1
Intercept_laboratorioplaquetas,0.1,"[0, 0.21]",1,0.507,0.07,7503.7,1
Intercept_laboratorioleucocitos,0.04,"[0, 0.12]",1,0.106,0.02,10799.8,1
Intercept_laboratoriohemoglobina,0.02,"[0, 0.06, 0.06, 0.06]",1,0.002,0.01,10889.3,1
Intercept_laboratoriohematocrito,0.03,"[0, 0.08]",1,0.017,0.03,9477.1,1
rescor__laboratoriomonocitos__laboratoriolinfocitos,0.06,"[-0.11, 0.22]",0.765,0.331,0.04,10219.4,1
rescor__laboratoriomonocitos__laboratoriobasofilos,-0.08,"[-0.24, 0.09]",0.815,0.388,0.04,10582.4,1
rescor__laboratoriolinfocitos__laboratoriobasofilos,0.07,"[-0.1, 0.24]",0.783,0.367,0.04,7869.5,1
rescor__laboratoriomonocitos__laboratorioeosinofilos,0.07,"[-0.11, 0.24]",0.786,0.362,0.04,9463,1
rescor__laboratoriolinfocitos__laboratorioeosinofilos,0.03,"[-0.15, 0.2]",0.628,0.212,0.03,8759.1,1
rescor__laboratoriobasofilos__laboratorioeosinofilos,0.06,"[-0.12, 0.23]",0.755,0.344,0.04,8300.5,1
rescor__laboratoriomonocitos__laboratorioplaquetas,-0.19,"[-0.35, -0.02]",0.987,0.862,0.3,9151.1,1
rescor__laboratoriolinfocitos__laboratorioplaquetas,0.02,"[-0.16, 0.19]",0.578,0.173,0.03,10711.8,1
rescor__laboratoriobasofilos__laboratorioplaquetas,0.12,"[-0.05, 0.29]",0.92,0.601,0.08,10033.1,1
rescor__laboratorioeosinofilos__laboratorioplaquetas,-0.09,"[-0.27, 0.08]",0.847,0.449,0.05,9599.5,1
rescor__laboratoriomonocitos__laboratorioleucocitos,-0.29,"[-0.45, -0.14]",1,0.989,14.07,9895.2,1
rescor__laboratoriolinfocitos__laboratorioleucocitos,-0.26,"[-0.42, -0.1]",0.999,0.972,2.17,10035.5,1
rescor__laboratoriobasofilos__laboratorioleucocitos,0.03,"[-0.15, 0.2]",0.614,0.192,0.03,10525.5,1
rescor__laboratorioeosinofilos__laboratorioleucocitos,-0.07,"[-0.23, 0.11]",0.766,0.346,0.04,10031.1,1
rescor__laboratorioplaquetas__laboratorioleucocitos,0.31,"[0.15, 0.46]",1,0.993,16.07,8541.3,1.001
rescor__laboratoriomonocitos__laboratoriohemoglobina,-0.16,"[-0.32, 0.01]",0.971,0.772,0.16,11456.9,1
rescor__laboratoriolinfocitos__laboratoriohemoglobina,-0.05,"[-0.22, 0.12]",0.712,0.276,0.03,10894.4,1
rescor__laboratoriobasofilos__laboratoriohemoglobina,0.11,"[-0.05, 0.28]",0.904,0.546,0.06,11141.5,1
rescor__laboratorioeosinofilos__laboratoriohemoglobina,0.01,"[-0.16, 0.19]",0.561,0.162,0.03,11192.6,1
rescor__laboratorioplaquetas__laboratoriohemoglobina,-0.08,"[-0.24, 0.09]",0.832,0.416,0.05,9765.9,1
rescor__laboratorioleucocitos__laboratoriohemoglobina,0.15,"[-0.02, 0.31]",0.96,0.728,0.13,10289.6,1
rescor__laboratoriomonocitos__laboratoriohematocrito,-0.18,"[-0.35, -0.02]",0.981,0.821,0.25,11225.3,1
rescor__laboratoriolinfocitos__laboratoriohematocrito,-0.04,"[-0.21, 0.13]",0.695,0.263,0.03,11422.5,1
rescor__laboratoriobasofilos__laboratoriohematocrito,0.07,"[-0.09, 0.24]",0.788,0.362,0.04,11298.7,1
rescor__laboratorioeosinofilos__laboratoriohematocrito,-0.03,"[-0.2, 0.14]",0.625,0.198,0.03,10707,1
rescor__laboratorioplaquetas__laboratoriohematocrito,-0.03,"[-0.2, 0.13]",0.652,0.222,0.03,10065.2,1
rescor__laboratorioleucocitos__laboratoriohematocrito,0.18,"[0.02, 0.34]",0.982,0.834,0.27,10241.7,1
rescor__laboratoriohemoglobina__laboratoriohematocrito,0.92,"[0.88, 0.94]",1,1,625.82,5547.3,1
lprior,-998.62,"[-1006.82, -991.86]",1,1,158674.51,4766.5,1
lp__,-2685.79,"[-2724.95, -2648.76]",1,1,780173.74,2569.4,1.001
sigma_laboratoriogpt,0.77,"[0.67, 0.88]",1,1,2184.16,8188,1
sigma_laboratoriotransaminases,0.83,"[0.73, 0.94]",1,1,1752.18,8214.7,1
sigma_laboratoriobilirubin,0.75,"[0.66, 0.86]",1,1,2045.8,7971.7,1
sigma_laboratorioalbumin,1.04,"[0.91, 1.17]",1,1,2734.14,8917.5,1
sigma_laboratorioproteins,1.05,"[0.93, 1.19]",1,1,2786.83,8640.4,1
Intercept_laboratoriogpt,0.05,"[0, 0.13]",1,0.162,0.03,6571.3,1.001
Intercept_laboratoriotransaminases,0.07,"[0, 0.17]",1,0.298,0.08,6757.6,1
Intercept_laboratoriobilirubin,0.02,"[0, 0.06]",1,0.003,0.01,12172.1,1
Intercept_laboratorioalbumin,0.05,"[0, 0.14]",1,0.155,0.02,9001.4,1
Intercept_laboratorioproteins,0.09,"[0, 0.19]",1,0.441,0.1,8427.6,1
rescor__laboratoriogpt__laboratoriotransaminases,0.83,"[0.77, 0.88]",1,1,1242.12,7221.9,1
rescor__laboratoriogpt__laboratoriobilirubin,0.03,"[-0.14, 0.22]",0.636,0.228,0.03,10450.9,1
rescor__laboratoriotransaminases__laboratoriobilirubin,0.07,"[-0.1, 0.25]",0.779,0.374,0.04,10117.5,1
rescor__laboratoriogpt__laboratorioalbumin,0.1,"[-0.07, 0.27]",0.864,0.481,0.05,8937.7,1
rescor__laboratoriotransaminases__laboratorioalbumin,0.18,"[0.02, 0.35]",0.978,0.827,0.24,9122,1
rescor__laboratoriobilirubin__laboratorioalbumin,0.16,"[0, 0.33]",0.97,0.776,0.18,11831.5,1
rescor__laboratoriogpt__laboratorioproteins,0.24,"[0.08, 0.4]",0.997,0.952,1.13,9277,1
rescor__laboratoriotransaminases__laboratorioproteins,0.32,"[0.16, 0.47]",1,0.994,21.23,9420.1,1
rescor__laboratoriobilirubin__laboratorioproteins,0.18,"[0.01, 0.35]",0.981,0.825,0.24,11720.5,1
rescor__laboratorioalbumin__laboratorioproteins,0.74,"[0.66, 0.82]",1,1,807.16,7665.7,1
lprior,-638.86,"[-647.41, -631.17]",1,1,80915.94,7698.5,1
lp__,-1605.43,"[-1635.76, -1576.48]",1,1,547588.17,2495.7,1
sigma_laboratorioglucose,0.65,"[0.57, 0.73]",1,1,1726.18,8592,1
sigma_laboratoriocholesterol,1.04,"[0.92, 1.18]",1,1,1812.96,11218.9,1
sigma_laboratoriotriglycerides,0.93,"[0.82, 1.06]",1,1,2558.56,9432.5,1
sigma_laboratoriovitamind,1.04,"[0.92, 1.19]",1,1,2300.66,9032.2,1
sigma_laboratoriofsforo,1.07,"[0.94, 1.22]",1,1,1977.7,10393.3,1
sigma_laboratoriocalcio,1.07,"[0.94, 1.21]",1,1,1695.13,10083.2,1
Intercept_laboratorioglucose,0.08,"[0, 0.16]",1,0.368,0.1,7265.2,1
Intercept_laboratoriocholesterol,0.11,"[0, 0.22]",1,0.563,0.11,8324.4,1
Intercept_laboratoriotriglycerides,0.05,"[0, 0.15]",1,0.188,0.03,10000.6,1
Intercept_laboratoriovitamind,0.08,"[0, 0.2]",1,0.374,0.05,9626.6,1
Intercept_laboratoriofsforo,0.06,"[0, 0.17]",1,0.277,0.04,10173.2,1
Intercept_laboratoriocalcio,0.05,"[0, 0.15]",1,0.198,0.03,9935.6,1
rescor__laboratorioglucose__laboratoriocholesterol,0.14,"[-0.02, 0.31]",0.948,0.668,0.1,11283.3,1
rescor__laboratorioglucose__laboratoriotriglycerides,0.04,"[-0.13, 0.21]",0.682,0.257,0.03,12028.2,1
rescor__laboratoriocholesterol__laboratoriotriglycerides,0.31,"[0.16, 0.47]",1,0.995,123.09,11519.9,1
rescor__laboratorioglucose__laboratoriovitamind,0.03,"[-0.14, 0.2]",0.612,0.2,0.03,11718.4,1
rescor__laboratoriocholesterol__laboratoriovitamind,0.09,"[-0.08, 0.25]",0.843,0.438,0.05,12262,1
rescor__laboratoriotriglycerides__laboratoriovitamind,0.04,"[-0.13, 0.22]",0.676,0.25,0.03,9802.9,1
rescor__laboratorioglucose__laboratoriofsforo,-0.03,"[-0.2, 0.15]",0.622,0.203,0.03,10864,1
rescor__laboratoriocholesterol__laboratoriofsforo,0.17,"[0, 0.34]",0.973,0.791,0.19,10597.2,1
rescor__laboratoriotriglycerides__laboratoriofsforo,0.08,"[-0.09, 0.25]",0.825,0.422,0.05,10250.9,1
rescor__laboratoriovitamind__laboratoriofsforo,0.11,"[-0.07, 0.27]",0.894,0.553,0.06,9514.6,1
rescor__laboratorioglucose__laboratoriocalcio,0.21,"[0.04, 0.37]",0.992,0.904,0.5,10993.4,1
rescor__laboratoriocholesterol__laboratoriocalcio,0.5,"[0.36, 0.62]",1,1,1562.18,10317.6,1
rescor__laboratoriotriglycerides__laboratoriocalcio,0.03,"[-0.13, 0.21]",0.65,0.226,0.03,11398.6,1
rescor__laboratoriovitamind__laboratoriocalcio,0.12,"[-0.04, 0.29]",0.924,0.607,0.08,11160.9,1
rescor__laboratoriofsforo__laboratoriocalcio,0.34,"[0.18, 0.49]",1,0.997,33.52,9922.1,1
lprior,-754.01,"[-761.29, -747.34]",1,1,35039.76,6123.1,1
lp__,-2163.78,"[-2197.15, -2133.13]",1,1,540101.43,2824.2,1
sigma_psicologicopittsburgscore,0.87,"[0.77, 0.99]",1,1,2348.78,8450.8,1
sigma_psicologicowaisscore,0.83,"[0.73, 0.94]",1,1,2187.23,8833.5,1
sigma_psicologicobdiscore,0.49,"[0.43, 0.55]",1,1,1258.3,9518.2,1
sigma_psicologicobaiscore,0.54,"[0.47, 0.61]",1,1,1441.31,10187,1
Intercept_psicologicopittsburgscore,0.29,"[0.16, 0.42]",1,0.998,1378.24,13756.3,1
Intercept_psicologicowaisscore,0.04,"[0, 0.13]",1,0.121,0.02,10926,1
Intercept_psicologicobdiscore,0.33,"[0.25, 0.4]",1,1,1506.98,15864.5,1
Intercept_psicologicobaiscore,0.32,"[0.24, 0.4]",1,1,1652.59,14827.3,1
rescor__psicologicopittsburgscore__psicologicowaisscore,-0.04,"[-0.22, 0.12]",0.688,0.265,0.04,9716.6,1
rescor__psicologicopittsburgscore__psicologicobdiscore,0.11,"[-0.06, 0.28]",0.888,0.545,0.06,10563.1,1
rescor__psicologicowaisscore__psicologicobdiscore,0.04,"[-0.14, 0.21]",0.659,0.246,0.03,10541.5,1
rescor__psicologicopittsburgscore__psicologicobaiscore,0.04,"[-0.14, 0.22]",0.672,0.258,0.03,10751.5,1
rescor__psicologicowaisscore__psicologicobaiscore,0.1,"[-0.08, 0.27]",0.871,0.504,0.06,10264.8,1
rescor__psicologicobdiscore__psicologicobaiscore,-0.2,"[-0.36, -0.02]",0.987,0.863,0.3,8000.2,1
lprior,-497.63,"[-503.12, -493.31]",1,1,64990.33,4415,1
lp__,-1205.73,"[-1232.84, -1181.09]",1,1,555295.41,3062.6,1
sigma_laboratoriocreatinine,0.89,"[0.78, 1]",1,1,2414.93,9340.1,1
sigma_laboratoriourea,0.85,"[0.75, 0.96]",1,1,2241.53,7688.2,1
sigma_laboratoriobloodureanitrogen,0.85,"[0.75, 0.96]",1,1,2248.51,7693.2,1
sigma_laboratoriouricacid,0.9,"[0.79, 1.02]",1,1,1156.77,8700.2,1
Intercept_laboratoriocreatinine,0.03,"[0, 0.1]",1,0.049,0.01,11097.2,1
Intercept_laboratoriourea,0.04,"[0, 0.12]",1,0.107,0.02,5499,1
Intercept_laboratoriobloodureanitrogen,0.04,"[0, 0.12]",1,0.107,0.02,5503.2,1
Intercept_laboratoriouricacid,0.04,"[0, 0.12]",1,0.107,0.02,10005,1
rescor__laboratoriocreatinine__laboratoriourea,0.28,"[0.12, 0.44]",1,0.982,7.48,10081.7,1
rescor__laboratoriocreatinine__laboratoriobloodureanitrogen,0.28,"[0.12, 0.44]",1,0.982,7.32,10080.8,1
rescor__laboratoriourea__laboratoriobloodureanitrogen,1,"[1, 1]",1,1,0.19,6642.7,1
rescor__laboratoriocreatinine__laboratoriouricacid,0.26,"[0.1, 0.42]",0.998,0.97,3.03,8791.9,1
rescor__laboratoriourea__laboratoriouricacid,0.11,"[-0.06, 0.28]",0.895,0.55,0.06,11441.6,1
rescor__laboratoriobloodureanitrogen__laboratoriouricacid,0.11,"[-0.06, 0.28]",0.894,0.549,0.06,11433.1,1
lprior,-514.15,"[-519.74, -509.33]",1,1,106441.29,5526.7,1
lp__,-564.44,"[-591.6, -538.49]",1,1,519549.77,2683.3,1
sigma_espirometriaprebdfvcl,0.54,"[0.39, 0.71]",1,1,3335.63,1165.4,1
sigma_espirometriaprebdfev1l,0.53,"[0.41, 0.69]",1,1,2939.8,1285.9,1
sigma_espirometriaprebdfev1fvc,0.94,"[0.7, 1.26]",1,1,5317.09,1286.2,1.001
sigma_espirometriaprebdfef2575ls,0.82,"[0.61, 1.06]",1,1,1672.47,1635.1,1
sigma_espirometriaprebdfefmaxls,0.82,"[0.61, 1.09]",1,1,4913.31,1247.7,1
Intercept_espirometriaprebdfvcl,0.12,"[0, 0.33]",1,0.573,0.06,6014.1,1
Intercept_espirometriaprebdfev1l,0.22,"[0, 0.45]",1,0.846,0.26,5088.7,1
Intercept_espirometriaprebdfev1fvc,0.37,"[0.02, 0.78]",1,0.921,0.39,5491.5,1
Intercept_espirometriaprebdfef2575ls,0.26,"[0, 0.59]",1,0.847,0.21,5506.7,1
Intercept_espirometriaprebdfefmaxls,0.21,"[0, 0.54]",1,0.781,0.13,5890.5,1
rescor__espirometriaprebdfvcl__espirometriaprebdfev1l,0.87,"[0.76, 0.95]",1,1,1624.08,1716.7,1.001
rescor__espirometriaprebdfvcl__espirometriaprebdfev1fvc,-0.21,"[-0.53, 0.13]",0.883,0.736,0.12,1587.3,1
rescor__espirometriaprebdfev1l__espirometriaprebdfev1fvc,0.26,"[-0.08, 0.56]",0.924,0.814,0.16,1870.1,1
rescor__espirometriaprebdfvcl__espirometriaprebdfef2575ls,0.24,"[-0.1, 0.57]",0.9,0.776,0.15,2015.5,1.001
rescor__espirometriaprebdfev1l__espirometriaprebdfef2575ls,0.58,"[0.31, 0.8]",1,0.998,23.37,1965.1,1
rescor__espirometriaprebdfev1fvc__espirometriaprebdfef2575ls,0.63,"[0.35, 0.85]",1,0.998,14.74,1429.7,1
rescor__espirometriaprebdfvcl__espirometriaprebdfefmaxls,0.42,"[0.11, 0.71]",0.991,0.965,0.93,2669.6,1
rescor__espirometriaprebdfev1l__espirometriaprebdfefmaxls,0.64,"[0.38, 0.84]",1,0.999,61.42,1721.2,1
rescor__espirometriaprebdfev1fvc__espirometriaprebdfefmaxls,0.37,"[0.01, 0.66]",0.973,0.919,0.39,2883.5,1.001
rescor__espirometriaprebdfef2575ls__espirometriaprebdfefmaxls,0.48,"[0.14, 0.75]",0.994,0.979,1.27,1672.7,1
Ymi_espirometriaprebdfvcl[2],1.81,"[-0.21, 3.74]",0.96,0.953,1.7,6128.7,1.001
Ymi_espirometriaprebdfvcl[3],-0.02,"[-1.62, 1.63]",0.509,0.456,0.26,5326.2,1
Ymi_espirometriaprebdfvcl[4],1.46,"[-0.06, 3.03]",0.969,0.96,1.7,8300.6,1
Ymi_espirometriaprebdfvcl[6],-0.61,"[-3.67, 2.44]",0.655,0.631,0.58,3152.2,1
Ymi_espirometriaprebdfvcl[7],2.97,"[0.39, 5.22]",0.99,0.988,6.91,3497.3,1
Ymi_espirometriaprebdfvcl[10],0.39,"[-1.09, 1.8]",0.697,0.65,0.29,8361.2,1
Ymi_espirometriaprebdfvcl[11],-0.34,"[-3.34, 2.7]",0.591,0.562,0.51,3987.1,1
Ymi_espirometriaprebdfvcl[15],0.2,"[-1.32, 1.7]",0.605,0.554,0.27,6215.7,1
Ymi_espirometriaprebdfvcl[16],1.36,"[-1.85, 4.58]",0.802,0.781,0.77,3847.4,1
Ymi_espirometriaprebdfvcl[19],2.13,"[-0.33, 4.5]",0.956,0.949,1.89,4881.1,1
Ymi_espirometriaprebdfvcl[22],-0.07,"[-3.32, 2.91]",0.52,0.494,0.55,3584.3,1
Ymi_espirometriaprebdfvcl[24],0.94,"[-0.56, 2.46]",0.896,0.87,0.57,8644.6,1.001
Ymi_espirometriaprebdfvcl[25],-0.08,"[-1.28, 1.21]",0.553,0.488,0.21,8724.4,1
Ymi_espirometriaprebdfvcl[26],1.2,"[-1.11, 3.46]",0.848,0.83,0.7,4627.7,1
Ymi_espirometriaprebdfvcl[28],0.13,"[-1.48, 1.8]",0.563,0.516,0.28,5505.4,1.001
Ymi_espirometriaprebdfvcl[31],-0.03,"[-3.52, 3.76]",0.506,0.486,0.61,3421.8,1
Ymi_espirometriaprebdfvcl[33],-0.21,"[-1.55, 1.06]",0.624,0.567,0.23,6487,1
Ymi_espirometriaprebdfvcl[35],0.52,"[-2.01, 2.96]",0.671,0.64,0.45,4168.8,1
Ymi_espirometriaprebdfvcl[36],0.16,"[-2.19, 2.61]",0.551,0.518,0.42,3909.6,1
Ymi_espirometriaprebdfvcl[40],1.08,"[-1.7, 3.86]",0.778,0.756,0.63,4121.9,1
Ymi_espirometriaprebdfvcl[42],-0.62,"[-2.57, 1.35]",0.729,0.692,0.39,6033.6,1
Ymi_espirometriaprebdfvcl[43],-0.73,"[-3.29, 1.96]",0.7,0.675,0.52,3829.2,1
Ymi_espirometriaprebdfvcl[45],-0.53,"[-1.97, 1.03]",0.749,0.705,0.32,5864,1
Ymi_espirometriaprebdfvcl[46],-1.09,"[-4.59, 2.68]",0.719,0.702,0.78,2648,1
Ymi_espirometriaprebdfvcl[48],-2.1,"[-6.47, 1.89]",0.834,0.823,1.1,3089.5,1
Ymi_espirometriaprebdfvcl[50],0.41,"[-2.54, 3.52]",0.61,0.582,0.54,3588.6,1
Ymi_espirometriaprebdfvcl[51],0.4,"[-0.94, 1.88]",0.71,0.66,0.28,11082.1,1
Ymi_espirometriaprebdfvcl[52],1.78,"[-0.04, 3.66]",0.971,0.964,2.12,5380.8,1
Ymi_espirometriaprebdfvcl[55],0.9,"[-0.51, 2.41]",0.897,0.87,0.55,6044.4,1
Ymi_espirometriaprebdfvcl[57],0.94,"[-0.7, 2.6]",0.876,0.85,0.55,9451.7,1
Ymi_espirometriaprebdfvcl[58],-1.2,"[-3.98, 1.58]",0.793,0.772,0.67,3266.9,1.001
Ymi_espirometriaprebdfvcl[59],0.34,"[-1.49, 2.08]",0.646,0.606,0.34,3656.2,1
Ymi_espirometriaprebdfvcl[60],0.13,"[-1.86, 2.09]",0.555,0.515,0.33,5408.8,1
Ymi_espirometriaprebdfvcl[61],-0.92,"[-6.77, 4.9]",0.619,0.607,1.05,6892.9,1
Ymi_espirometriaprebdfvcl[62],0.85,"[-1.87, 3.65]",0.733,0.708,0.56,4337.9,1
Ymi_espirometriaprebdfvcl[64],1.43,"[0.11, 2.72]",0.982,0.976,2.13,9385.7,1
Ymi_espirometriaprebdfvcl[66],1.45,"[-0.16, 3.12]",0.962,0.951,1.33,5483.5,1
Ymi_espirometriaprebdfvcl[67],0.13,"[-1.86, 2.3]",0.551,0.513,0.35,3229.4,1
Ymi_espirometriaprebdfvcl[68],-0.43,"[-4.01, 3.29]",0.591,0.569,0.63,4626.7,1
Ymi_espirometriaprebdfvcl[69],1.53,"[-0.19, 3.25]",0.958,0.949,1.44,6652.4,1
Ymi_espirometriaprebdfvcl[70],-0.06,"[-2.07, 1.97]",0.524,0.486,0.35,4226.3,1
Ymi_espirometriaprebdfvcl[71],-0.07,"[-1.53, 1.32]",0.538,0.483,0.24,6451.1,1
Ymi_espirometriaprebdfvcl[72],0.45,"[-3, 3.87]",0.603,0.582,0.61,4145,1
Ymi_espirometriaprebdfvcl[73],-0.47,"[-4, 3.24]",0.603,0.582,0.61,5197.1,1
Ymi_espirometriaprebdfvcl[75],3.06,"[-1.45, 7.37]",0.918,0.911,1.97,3121.9,1
Ymi_espirometriaprebdfvcl[76],2.42,"[0.57, 4.37]",0.994,0.992,7.65,4004.1,1
Ymi_espirometriaprebdfvcl[77],-0.44,"[-1.96, 0.89]",0.739,0.693,0.29,8901.5,1
Ymi_espirometriaprebdfvcl[82],0.08,"[-1.42, 1.65]",0.543,0.488,0.25,7099.6,1.001
Ymi_espirometriaprebdfvcl[83],-1.23,"[-7.75, 5.2]",0.65,0.638,1.18,2743.2,1.001
Ymi_espirometriaprebdfvcl[90],-1.1,"[-3.09, 0.73]",0.878,0.857,0.66,6482.6,1
Ymi_espirometriaprebdfvcl[92],0.38,"[-1.72, 2.45]",0.645,0.604,0.37,4740.8,1
Ymi_espirometriaprebdfvcl[94],-0.29,"[-2.08, 1.49]",0.626,0.583,0.33,4210.5,1
Ymi_espirometriaprebdfvcl[96],0.38,"[-1.19, 1.86]",0.683,0.636,0.3,5760,1
Ymi_espirometriaprebdfvcl[97],0.02,"[-1.58, 1.67]",0.513,0.463,0.27,4922.8,1.001
Ymi_espirometriaprebdfvcl[98],0.18,"[-3.3, 3.55]",0.54,0.517,0.58,4012.9,1
Ymi_espirometriaprebdfvcl[99],2.38,"[-9.61, 13.52]",0.658,0.651,2.2,16065.4,1
Ymi_espirometriaprebdfvcl[100],0,"[-1.63, 1.69]",0.501,0.45,0.27,5305.6,1
Ymi_espirometriaprebdfvcl[101],0.72,"[-0.98, 2.37]",0.808,0.772,0.39,4200.1,1
Ymi_espirometriaprebdfvcl[102],-0.32,"[-1.65, 1.08]",0.679,0.627,0.26,8277.2,1
Ymi_espirometriaprebdfvcl[103],0.42,"[-2.94, 3.75]",0.597,0.575,0.57,3348.3,1
Ymi_espirometriaprebdfvcl[104],-1.96,"[-20.7, 17.63]",0.575,0.57,3.41,8008.4,1
Ymi_espirometriaprebdfvcl[105],3.24,"[-6.08, 12.38]",0.756,0.747,1.97,5498.2,1
Ymi_espirometriaprebdfvcl[106],0.68,"[-2.43, 3.63]",0.674,0.648,0.58,4138.2,1
Ymi_espirometriaprebdfvcl[109],-0.43,"[-1.8, 0.85]",0.742,0.692,0.28,10108.7,1
Ymi_espirometriaprebdfvcl[111],0.47,"[-1.13, 2.06]",0.718,0.676,0.32,4667.7,1.001
Ymi_espirometriaprebdfvcl[113],0.02,"[-1.23, 1.36]",0.515,0.452,0.21,9653.3,1
Ymi_espirometriaprebdfvcl[115],-0.29,"[-1.83, 1.31]",0.64,0.591,0.28,4433.8,1
Ymi_espirometriaprebdfvcl[116],-0.18,"[-1.94, 1.65]",0.582,0.539,0.31,3633.3,1
Ymi_espirometriaprebdfvcl[117],-0.06,"[-1.72, 1.49]",0.531,0.483,0.27,5429.5,1
Ymi_espirometriaprebdfvcl[119],0.01,"[-1.53, 1.65]",0.506,0.452,0.26,6320.5,1
Ymi_espirometriaprebdfvcl[120],-0.2,"[-2.51, 2.18]",0.571,0.536,0.38,4450.2,1.001
Ymi_espirometriaprebdfvcl[121],-0.04,"[-8.66, 8.37]",0.502,0.494,1.5,12596.1,1
Ymi_espirometriaprebdfvcl[122],2.2,"[-1.09, 5.31]",0.902,0.891,1.34,4847.2,1
Ymi_espirometriaprebdfvcl[123],0.05,"[-1.83, 2.04]",0.52,0.478,0.33,4333.9,1
Ymi_espirometriaprebdfvcl[124],2.25,"[-0.03, 4.47]",0.973,0.969,2.74,3791.5,1.001
Ymi_espirometriaprebdfvcl[125],0.15,"[-1.96, 2.42]",0.557,0.518,0.38,5612.5,1
Ymi_espirometriaprebdfvcl[127],0.49,"[-0.9, 1.89]",0.773,0.721,0.29,7066.7,1
Ymi_espirometriaprebdfvcl[128],-1.25,"[-10.56, 7.74]",0.604,0.597,1.67,9349,1
Ymi_espirometriaprebdfvcl[129],0.41,"[-8.92, 9.8]",0.534,0.526,1.6,12604.4,1
Ymi_espirometriaprebdfvcl[130],-1.06,"[-3.74, 1.67]",0.776,0.754,0.63,3178,1
Ymi_espirometriaprebdfvcl[131],-0.12,"[-1.84, 1.63]",0.557,0.512,0.29,4277.6,1
Ymi_espirometriaprebdfvcl[133],-0.28,"[-1.65, 1.2]",0.651,0.601,0.26,5574.7,1
Ymi_espirometriaprebdfvcl[135],0.58,"[-1.18, 2.18]",0.762,0.723,0.36,6089.2,1
Ymi_espirometriaprebdfvcl[136],0.63,"[-0.92, 2.26]",0.78,0.742,0.35,6306.6,1
Ymi_espirometriaprebdfvcl[137],0.98,"[-1.27, 3.17]",0.806,0.781,0.56,3958.8,1
Ymi_espirometriaprebdfvcl[139],0.34,"[-1.57, 2.16]",0.639,0.599,0.33,5121.4,1
Ymi_espirometriaprebdfvcl[140],0.37,"[-1.26, 2.04]",0.674,0.629,0.32,7059.1,1
Ymi_espirometriaprebdfvcl[141],0.93,"[-0.75, 2.56]",0.874,0.845,0.54,8789.7,1
Ymi_espirometriaprebdfvcl[143],-0.67,"[-2.53, 1.07]",0.779,0.742,0.38,6079.8,1
Ymi_espirometriaprebdfvcl[146],2.39,"[0.75, 4.27]",0.996,0.994,11.26,4999.5,1
Ymi_espirometriaprebdfvcl[147],0.43,"[-1.46, 2.24]",0.678,0.638,0.36,5237.8,1
Ymi_espirometriaprebdfvcl[148],-1.14,"[-5.66, 3.61]",0.681,0.667,0.89,5381.8,1
Ymi_espirometriaprebdfvcl[149],-1.26,"[-3.05, 0.59]",0.908,0.893,0.81,6064.8,1
Ymi_espirometriaprebdfvcl[150],0.3,"[-1.39, 1.93]",0.643,0.598,0.3,5146.6,1
Ymi_espirometriaprebdfvcl[151],0.43,"[-0.94, 1.95]",0.729,0.678,0.29,6205.3,1
Ymi_espirometriaprebdfvcl[152],-1.4,"[-4.44, 1.8]",0.808,0.791,0.79,3771.9,1
Ymi_espirometriaprebdfvcl[153],0.71,"[-0.71, 2.24]",0.837,0.799,0.39,5739.9,1
Ymi_espirometriaprebdfvcl[154],-0.78,"[-2.21, 0.68]",0.86,0.829,0.47,6254.7,1
Ymi_espirometriaprebdfvcl[155],-0.05,"[-1.79, 1.64]",0.526,0.478,0.28,5143.7,1
Ymi_espirometriaprebdfvcl[156],-0.77,"[-2.09, 0.64]",0.868,0.837,0.45,6974.6,1
Ymi_espirometriaprebdfvcl[157],-0.92,"[-2.89, 1.08]",0.817,0.79,0.52,4775.3,1
Ymi_espirometriaprebdfvcl[158],-1.23,"[-2.97, 0.45]",0.926,0.908,0.81,6719.3,1
Ymi_espirometriaprebdfvcl[159],0.02,"[-1.28, 1.27]",0.512,0.451,0.21,11358.1,1
Ymi_espirometriaprebdfvcl[161],-0.3,"[-2.1, 1.5]",0.629,0.588,0.32,7500.3,1
Ymi_espirometriaprebdfvcl[163],2.23,"[-0.56, 5.1]",0.945,0.937,1.75,4844.7,1.001
Ymi_espirometriaprebdfvcl[166],-0.8,"[-8.86, 8]",0.57,0.56,1.47,8845,1
Ymi_espirometriaprebdfvcl[167],-0.32,"[-1.83, 1.14]",0.669,0.618,0.27,7475.1,1
Ymi_espirometriaprebdfvcl[171],0.51,"[-0.75, 1.77]",0.8,0.75,0.29,8616.9,1
Ymi_espirometriaprebdfvcl[172],-1.41,"[-7.45, 4.45]",0.681,0.669,1.14,7191.4,1
Ymi_espirometriaprebdfvcl[173],-0.55,"[-2.24, 1.27]",0.738,0.7,0.36,5070.6,1
Ymi_espirometriaprebdfvcl[174],-0.24,"[-1.98, 1.6]",0.603,0.562,0.32,4417.8,1
Ymi_espirometriaprebdfvcl[177],-1.12,"[-5.05, 2.8]",0.702,0.686,0.8,12937.5,1.001
Ymi_espirometriaprebdfev1l[2],1.48,"[-0.38, 3.44]",0.936,0.921,1.03,5999.2,1
Ymi_espirometriaprebdfev1l[3],0.02,"[-1.55, 1.67]",0.508,0.457,0.26,4681.4,1
Ymi_espirometriaprebdfev1l[4],1.66,"[0.12, 3.18]",0.981,0.976,2.45,7453.1,1
Ymi_espirometriaprebdfev1l[6],0.24,"[-2.53, 3.24]",0.572,0.542,0.48,3268.8,1
Ymi_espirometriaprebdfev1l[7],3.09,"[0.73, 5.38]",0.993,0.992,9.7,3170.1,1
Ymi_espirometriaprebdfev1l[10],0.35,"[-1.06, 1.75]",0.69,0.635,0.27,8233.7,1
Ymi_espirometriaprebdfev1l[11],-0.25,"[-3.12, 2.59]",0.566,0.539,0.5,3733.4,1
Ymi_espirometriaprebdfev1l[15],-0.08,"[-1.64, 1.32]",0.543,0.489,0.24,6099.5,1
Ymi_espirometriaprebdfev1l[16],1.33,"[-1.8, 4.28]",0.806,0.787,0.75,3690.1,1
Ymi_espirometriaprebdfev1l[19],1.81,"[-0.48, 4.15]",0.938,0.927,1.38,4352.9,1
Ymi_espirometriaprebdfev1l[22],-0.24,"[-3.25, 2.55]",0.567,0.539,0.5,3409.1,1
Ymi_espirometriaprebdfev1l[24],1.16,"[-0.31, 2.65]",0.943,0.927,0.9,7632.3,1.001
Ymi_espirometriaprebdfev1l[25],0.1,"[-1.12, 1.33]",0.563,0.497,0.21,8153.2,1
Ymi_espirometriaprebdfev1l[26],0.84,"[-1.31, 3.12]",0.768,0.741,0.49,4253.1,1
Ymi_espirometriaprebdfev1l[28],0.48,"[-1.08, 2.08]",0.729,0.687,0.32,5524,1
Ymi_espirometriaprebdfev1l[31],0.54,"[-2.9, 3.8]",0.627,0.604,0.58,3471.3,1
Ymi_espirometriaprebdfev1l[33],-0.52,"[-1.83, 0.75]",0.789,0.741,0.29,6431.2,1
Ymi_espirometriaprebdfev1l[35],1.56,"[-0.71, 4.03]",0.904,0.889,0.93,4147.8,1
Ymi_espirometriaprebdfev1l[36],0.32,"[-1.86, 2.63]",0.616,0.578,0.39,4005,1
Ymi_espirometriaprebdfev1l[40],1.9,"[-0.9, 4.48]",0.924,0.913,1.2,3969.6,1
Ymi_espirometriaprebdfev1l[42],-0.14,"[-1.89, 1.95]",0.557,0.517,0.32,5327.6,1
Ymi_espirometriaprebdfev1l[43],-0.53,"[-3.02, 1.96]",0.664,0.634,0.46,3659.2,1
Ymi_espirometriaprebdfev1l[45],-0.45,"[-1.89, 0.99]",0.726,0.685,0.31,5575.9,1
Ymi_espirometriaprebdfev1l[46],-0.26,"[-3.56, 3.24]",0.555,0.533,0.59,2433.6,1.001
Ymi_espirometriaprebdfev1l[48],-0.72,"[-4.55, 3.2]",0.645,0.626,0.71,2975,1
Ymi_espirometriaprebdfev1l[50],0.51,"[-2.28, 3.37]",0.637,0.611,0.53,3257.7,1
Ymi_espirometriaprebdfev1l[51],0.38,"[-0.94, 1.86]",0.705,0.652,0.27,11622.4,1
Ymi_espirometriaprebdfev1l[52],1.45,"[-0.3, 3.29]",0.947,0.933,1.12,4602.7,1
Ymi_espirometriaprebdfev1l[55],1.1,"[-0.29, 2.56]",0.942,0.924,0.82,5331.8,1.001
Ymi_espirometriaprebdfev1l[57],0.88,"[-0.7, 2.54]",0.867,0.838,0.5,8757.3,1
Ymi_espirometriaprebdfev1l[58],-1.06,"[-3.69, 1.67]",0.778,0.755,0.64,2837.8,1.001
Ymi_espirometriaprebdfev1l[59],-0.07,"[-1.8, 1.68]",0.529,0.484,0.29,3319,1
Ymi_espirometriaprebdfev1l[60],-0.31,"[-2.25, 1.47]",0.628,0.587,0.33,5323.6,1
Ymi_espirometriaprebdfev1l[61],-0.57,"[-5.86, 4.68]",0.588,0.572,0.91,6716,1
Ymi_espirometriaprebdfev1l[62],1.72,"[-0.98, 4.35]",0.901,0.887,1.03,4067.5,1
Ymi_espirometriaprebdfev1l[64],1.42,"[0.12, 2.71]",0.983,0.975,2.15,8456.8,1
Ymi_espirometriaprebdfev1l[66],1.85,"[0.16, 3.45]",0.987,0.982,2.89,4902.4,1
Ymi_espirometriaprebdfev1l[67],0.32,"[-1.62, 2.41]",0.63,0.591,0.35,2815.7,1
Ymi_espirometriaprebdfev1l[68],0.34,"[-3.01, 3.87]",0.582,0.558,0.59,4442.4,1
Ymi_espirometriaprebdfev1l[69],1.25,"[-0.4, 2.94]",0.929,0.911,0.82,6150.8,1
Ymi_espirometriaprebdfev1l[70],0.45,"[-1.51, 2.42]",0.676,0.638,0.36,3883.3,1
Ymi_espirometriaprebdfev1l[71],0.17,"[-1.31, 1.51]",0.598,0.543,0.24,5666.1,1
Ymi_espirometriaprebdfev1l[72],0.4,"[-2.77, 3.69]",0.595,0.572,0.57,3357.7,1
Ymi_espirometriaprebdfev1l[73],-0.05,"[-3.38, 3.27]",0.512,0.488,0.57,5042,1
Ymi_espirometriaprebdfev1l[75],2.48,"[-1.77, 6.42]",0.883,0.874,1.37,2972,1
Ymi_espirometriaprebdfev1l[76],2.49,"[0.72, 4.4]",0.996,0.994,10.05,3617.4,1
Ymi_espirometriaprebdfev1l[77],-0.71,"[-2.11, 0.68]",0.849,0.811,0.39,9261.5,1
Ymi_espirometriaprebdfev1l[82],0.18,"[-1.3, 1.68]",0.595,0.542,0.27,6671.2,1.001
Ymi_espirometriaprebdfev1l[83],0.59,"[-5.23, 6.6]",0.575,0.564,1.05,2548.5,1.001
Ymi_espirometriaprebdfev1l[90],-0.93,"[-2.77, 0.89]",0.845,0.819,0.53,5824.7,1
Ymi_espirometriaprebdfev1l[92],0.59,"[-1.43, 2.63]",0.721,0.688,0.4,4102.7,1
Ymi_espirometriaprebdfev1l[94],-0.18,"[-1.99, 1.54]",0.579,0.536,0.3,3608.9,1
Ymi_espirometriaprebdfev1l[96],0.5,"[-1.03, 1.96]",0.746,0.7,0.32,5291.7,1
Ymi_espirometriaprebdfev1l[97],0.26,"[-1.25, 1.88]",0.629,0.579,0.27,4550.1,1
Ymi_espirometriaprebdfev1l[98],0.09,"[-3.25, 3.16]",0.521,0.496,0.54,3748.1,1
Ymi_espirometriaprebdfev1l[99],2.04,"[-8.83, 14.02]",0.633,0.627,2.11,15144.9,1
Ymi_espirometriaprebdfev1l[100],0.05,"[-1.53, 1.72]",0.526,0.478,0.27,4909.4,1
Ymi_espirometriaprebdfev1l[101],1.14,"[-0.56, 2.81]",0.919,0.899,0.73,3749.2,1
Ymi_espirometriaprebdfev1l[102],-0.25,"[-1.58, 1.09]",0.642,0.586,0.24,8554.4,1
Ymi_espirometriaprebdfev1l[103],-0.13,"[-3.29, 3.07]",0.535,0.509,0.54,2997.7,1.001
Ymi_espirometriaprebdfev1l[104],-3.04,"[-24.3, 16.44]",0.617,0.612,3.66,9352.7,1
Ymi_espirometriaprebdfev1l[105],3.57,"[-5.79, 12.16]",0.783,0.778,2.09,5897,1
Ymi_espirometriaprebdfev1l[106],0.63,"[-2.32, 3.49]",0.663,0.639,0.54,3645.6,1
Ymi_espirometriaprebdfev1l[109],-0.39,"[-1.68, 0.93]",0.725,0.673,0.27,9134.4,1
Ymi_espirometriaprebdfev1l[111],0.78,"[-0.79, 2.34]",0.836,0.803,0.43,4397.3,1.001
Ymi_espirometriaprebdfev1l[113],0.36,"[-0.94, 1.61]",0.708,0.655,0.25,9331.4,1
Ymi_espirometriaprebdfev1l[115],0.03,"[-1.45, 1.64]",0.516,0.466,0.26,3864.3,1
Ymi_espirometriaprebdfev1l[116],0.08,"[-1.69, 1.83]",0.535,0.488,0.29,3277.6,1.001
Ymi_espirometriaprebdfev1l[117],0.32,"[-1.32, 1.85]",0.662,0.614,0.29,4842.1,1
Ymi_espirometriaprebdfev1l[119],0.39,"[-1.13, 1.97]",0.695,0.648,0.3,5605.2,1
Ymi_espirometriaprebdfev1l[120],-0.53,"[-2.82, 1.61]",0.687,0.654,0.41,4227.1,1.001
Ymi_espirometriaprebdfev1l[121],-0.58,"[-9.52, 8.04]",0.549,0.541,1.53,15221.2,1
Ymi_espirometriaprebdfev1l[122],1.31,"[-1.73, 4.34]",0.801,0.782,0.76,4977.7,1
Ymi_espirometriaprebdfev1l[123],-0.21,"[-2.07, 1.68]",0.588,0.545,0.32,4137.2,1
Ymi_espirometriaprebdfev1l[124],2.16,"[0.07, 4.37]",0.976,0.97,2.53,3357.6,1
Ymi_espirometriaprebdfev1l[125],1.1,"[-1.05, 3.22]",0.849,0.824,0.62,4758.6,1
Ymi_espirometriaprebdfev1l[127],0.75,"[-0.55, 2.2]",0.869,0.834,0.41,7547.3,1
Ymi_espirometriaprebdfev1l[128],-1.64,"[-11.37, 8.39]",0.624,0.617,1.83,10170.7,1
Ymi_espirometriaprebdfev1l[129],-0.1,"[-9.62, 9.54]",0.507,0.5,1.69,14943.5,1
Ymi_espirometriaprebdfev1l[130],-0.81,"[-3.37, 1.8]",0.731,0.705,0.55,2921.4,1
Ymi_espirometriaprebdfev1l[131],0.06,"[-1.75, 1.63]",0.528,0.481,0.29,3724.6,1
Ymi_espirometriaprebdfev1l[133],-0.01,"[-1.34, 1.49]",0.505,0.448,0.23,5163,1
Ymi_espirometriaprebdfev1l[135],0.96,"[-0.73, 2.56]",0.882,0.856,0.57,5605.8,1
Ymi_espirometriaprebdfev1l[136],0.75,"[-0.84, 2.3]",0.824,0.791,0.42,5895,1
Ymi_espirometriaprebdfev1l[137],0.52,"[-1.7, 2.62]",0.685,0.65,0.42,3909.2,1
Ymi_espirometriaprebdfev1l[139],0.44,"[-1.38, 2.22]",0.683,0.642,0.33,4799.5,1
Ymi_espirometriaprebdfev1l[140],0.47,"[-1.21, 2.04]",0.73,0.683,0.31,6160.6,1
Ymi_espirometriaprebdfev1l[141],1.26,"[-0.26, 2.88]",0.943,0.929,0.96,8585.9,1
Ymi_espirometriaprebdfev1l[143],-1.07,"[-2.75, 0.68]",0.895,0.869,0.61,5998.3,1
Ymi_espirometriaprebdfev1l[146],2.9,"[1.13, 4.53]",0.999,0.999,52.78,4272.8,1
Ymi_espirometriaprebdfev1l[147],0.46,"[-1.45, 2.18]",0.691,0.653,0.35,4344.4,1
Ymi_espirometriaprebdfev1l[148],-0.89,"[-5.08, 3.41]",0.661,0.648,0.8,5502.5,1
Ymi_espirometriaprebdfev1l[149],-1.22,"[-3.01, 0.52]",0.913,0.893,0.76,5579.1,1
Ymi_espirometriaprebdfev1l[150],0.45,"[-1.23, 2.03]",0.711,0.674,0.33,4869.6,1
Ymi_espirometriaprebdfev1l[151],0.9,"[-0.48, 2.34]",0.898,0.87,0.52,5671.5,1
Ymi_espirometriaprebdfev1l[152],-0.37,"[-3.26, 2.63]",0.599,0.57,0.52,3670.6,1
Ymi_espirometriaprebdfev1l[153],0.98,"[-0.43, 2.49]",0.914,0.894,0.65,5130.8,1
Ymi_espirometriaprebdfev1l[154],-0.66,"[-2.06, 0.74]",0.816,0.779,0.36,5554.8,1
Ymi_espirometriaprebdfev1l[155],0.18,"[-1.55, 1.82]",0.584,0.533,0.28,5048.1,1
Ymi_espirometriaprebdfev1l[156],-0.88,"[-2.18, 0.52]",0.902,0.869,0.5,6280.1,1
Ymi_espirometriaprebdfev1l[157],-0.69,"[-2.54, 1.26]",0.761,0.727,0.42,4575.3,1
Ymi_espirometriaprebdfev1l[158],-1.74,"[-3.39, -0.1]",0.979,0.973,2.43,6363.2,1
Ymi_espirometriaprebdfev1l[159],0.04,"[-1.2, 1.3]",0.527,0.464,0.21,11675.7,1
Ymi_espirometriaprebdfev1l[161],-0.21,"[-1.97, 1.54]",0.602,0.555,0.3,6326.7,1
Ymi_espirometriaprebdfev1l[163],2.98,"[0.33, 5.73]",0.984,0.982,5.01,4374.8,1.001
Ymi_espirometriaprebdfev1l[166],-0.54,"[-9.64, 7.94]",0.548,0.539,1.54,9814.1,1
Ymi_espirometriaprebdfev1l[167],-0.22,"[-1.67, 1.24]",0.621,0.567,0.25,6712.8,1
Ymi_espirometriaprebdfev1l[171],0.74,"[-0.51, 1.95]",0.889,0.858,0.46,8837.8,1
Ymi_espirometriaprebdfev1l[172],-1.03,"[-7.52, 4.59]",0.631,0.617,1.09,7792.3,1
Ymi_espirometriaprebdfev1l[173],-0.39,"[-2.09, 1.31]",0.678,0.635,0.32,4307.3,1
Ymi_espirometriaprebdfev1l[174],-0.65,"[-2.43, 0.98]",0.769,0.731,0.38,4595.7,1
Ymi_espirometriaprebdfev1l[177],-1.1,"[-5.11, 2.95]",0.703,0.688,0.81,12259.5,1
Ymi_espirometriaprebdfev1fvc[2],-0.99,"[-4.16, 2.55]",0.721,0.701,0.67,7582.6,1
Ymi_espirometriaprebdfev1fvc[3],0.23,"[-2.49, 3.07]",0.57,0.541,0.48,8364.5,1
Ymi_espirometriaprebdfev1fvc[4],0.77,"[-2.01, 3.24]",0.722,0.695,0.52,9585.2,1
Ymi_espirometriaprebdfev1fvc[6],2.78,"[-2.05, 7.86]",0.868,0.859,1.58,4759.5,1
Ymi_espirometriaprebdfev1fvc[7],0.63,"[-3.29, 4.93]",0.626,0.607,0.7,4838.3,1
Ymi_espirometriaprebdfev1fvc[10],-0.42,"[-2.82, 2.11]",0.631,0.601,0.45,10406.4,1
Ymi_espirometriaprebdfev1fvc[11],1.16,"[-3.77, 5.93]",0.684,0.671,0.92,6040.4,1
Ymi_espirometriaprebdfev1fvc[15],-1.25,"[-3.8, 1.4]",0.827,0.809,0.74,7695.7,1
Ymi_espirometriaprebdfev1fvc[16],-0.56,"[-5.74, 4.36]",0.584,0.57,0.9,5364.7,1
Ymi_espirometriaprebdfev1fvc[19],-1.15,"[-5.08, 2.87]",0.72,0.703,0.79,6322.3,1
Ymi_espirometriaprebdfev1fvc[22],-1.46,"[-6.05, 3.44]",0.724,0.71,1.03,5457.3,1
Ymi_espirometriaprebdfev1fvc[24],0.7,"[-2.07, 3.13]",0.7,0.672,0.5,9083.8,1
Ymi_espirometriaprebdfev1fvc[25],0.58,"[-1.56, 2.83]",0.697,0.664,0.43,8390.4,1
Ymi_espirometriaprebdfev1fvc[26],-1.32,"[-5.15, 2.44]",0.763,0.746,0.82,5774.6,1
Ymi_espirometriaprebdfev1fvc[28],1.03,"[-1.65, 3.96]",0.776,0.755,0.62,6506.8,1.001
Ymi_espirometriaprebdfev1fvc[31],0.96,"[-4.48, 6.36]",0.638,0.623,0.99,5706.6,1.001
Ymi_espirometriaprebdfev1fvc[33],-1.21,"[-3.42, 1.02]",0.859,0.839,0.67,9162.1,1
Ymi_espirometriaprebdfev1fvc[35],4.3,"[0.2, 8.41]",0.975,0.972,5.42,6494.6,1
Ymi_espirometriaprebdfev1fvc[36],-0.05,"[-3.8, 3.62]",0.51,0.488,0.65,6855.2,1
Ymi_espirometriaprebdfev1fvc[40],2.91,"[-1.78, 7.35]",0.891,0.884,1.74,6171.2,1
Ymi_espirometriaprebdfev1fvc[42],1.59,"[-1.76, 4.88]",0.833,0.819,0.9,7249.5,1
Ymi_espirometriaprebdfev1fvc[43],-0.01,"[-3.97, 4.33]",0.501,0.481,0.7,5911.7,1
Ymi_espirometriaprebdfev1fvc[45],0.17,"[-2.46, 2.73]",0.548,0.519,0.45,7220.7,1
Ymi_espirometriaprebdfev1fvc[46],3.27,"[-2.55, 8.92]",0.874,0.867,1.88,4168.6,1
Ymi_espirometriaprebdfev1fvc[48],5.22,"[-1.3, 12.05]",0.942,0.936,3.67,4544.6,1
Ymi_espirometriaprebdfev1fvc[50],-0.62,"[-5.3, 4.03]",0.603,0.587,0.84,5790.5,1
Ymi_espirometriaprebdfev1fvc[51],0.09,"[-2.47, 2.48]",0.527,0.498,0.42,13531.5,1
Ymi_espirometriaprebdfev1fvc[52],-1.2,"[-4.36, 1.92]",0.782,0.762,0.7,6099.5,1
Ymi_espirometriaprebdfev1fvc[55],0.84,"[-1.62, 3.41]",0.755,0.728,0.52,7386.3,1
Ymi_espirometriaprebdfev1fvc[57],-0.31,"[-3.29, 2.53]",0.582,0.554,0.5,10481.5,1
Ymi_espirometriaprebdfev1fvc[58],0.47,"[-4.25, 5.1]",0.579,0.562,0.8,4904.6,1
Ymi_espirometriaprebdfev1fvc[59],-1.68,"[-4.82, 1.21]",0.869,0.856,0.96,5410,1
Ymi_espirometriaprebdfev1fvc[60],-1.58,"[-4.79, 1.49]",0.843,0.826,0.88,8084.8,1
Ymi_espirometriaprebdfev1fvc[61],0.79,"[-7.8, 8.85]",0.576,0.568,1.43,10806.4,1
Ymi_espirometriaprebdfev1fvc[62],3.52,"[-1.06, 7.99]",0.938,0.933,2.81,6110.7,1
Ymi_espirometriaprebdfev1fvc[64],-0.03,"[-2.19, 2.42]",0.513,0.479,0.39,9743.7,1
Ymi_espirometriaprebdfev1fvc[66],1.49,"[-1.42, 4.3]",0.851,0.836,0.87,7281.4,1.001
Ymi_espirometriaprebdfev1fvc[67],1,"[-2.56, 4.47]",0.714,0.696,0.7,5523.6,1
Ymi_espirometriaprebdfev1fvc[68],2.83,"[-2.79, 8.42]",0.841,0.834,1.61,6218.8,1
Ymi_espirometriaprebdfev1fvc[69],-0.8,"[-3.93, 1.96]",0.712,0.689,0.57,7889.7,1
Ymi_espirometriaprebdfev1fvc[70],1.98,"[-1.49, 5.36]",0.868,0.857,1.11,6307.9,1
Ymi_espirometriaprebdfev1fvc[71],0.82,"[-1.72, 3.26]",0.747,0.722,0.52,6900.4,1
Ymi_espirometriaprebdfev1fvc[72],-0.7,"[-5.99, 4.49]",0.61,0.595,0.87,5626.8,1
Ymi_espirometriaprebdfev1fvc[73],1.28,"[-3.91, 6.67]",0.679,0.666,0.99,8153.5,1
Ymi_espirometriaprebdfev1fvc[75],-2.44,"[-8.76, 4.5]",0.762,0.753,1.45,5754.3,1
Ymi_espirometriaprebdfev1fvc[76],0.29,"[-2.9, 3.57]",0.569,0.545,0.57,5299.9,1.001
Ymi_espirometriaprebdfev1fvc[77],-1.09,"[-3.49, 1.38]",0.818,0.794,0.62,11951.8,1
Ymi_espirometriaprebdfev1fvc[82],0.22,"[-2.39, 2.87]",0.57,0.538,0.44,9734.9,1
Ymi_espirometriaprebdfev1fvc[83],7.09,"[-3.19, 17.19]",0.917,0.914,4.42,4198.1,1
Ymi_espirometriaprebdfev1fvc[90],0.13,"[-3.12, 3.27]",0.532,0.506,0.53,7528.6,1
Ymi_espirometriaprebdfev1fvc[92],0.72,"[-3, 4.24]",0.667,0.645,0.66,5689.2,1
Ymi_espirometriaprebdfev1fvc[94],0.51,"[-2.46, 3.54]",0.635,0.606,0.54,5724.3,1
Ymi_espirometriaprebdfev1fvc[96],0.45,"[-2.25, 3.17]",0.633,0.604,0.48,6485.2,1
Ymi_espirometriaprebdfev1fvc[97],0.67,"[-2.03, 3.58]",0.695,0.667,0.51,6713.6,1
Ymi_espirometriaprebdfev1fvc[98],0.02,"[-5.73, 5.41]",0.503,0.489,0.89,5007.3,1
Ymi_espirometriaprebdfev1fvc[99],0.73,"[-11.51, 12.17]",0.549,0.543,2.02,15382.7,1
Ymi_espirometriaprebdfev1fvc[100],-0.03,"[-2.84, 2.87]",0.509,0.48,0.47,7081.4,1
Ymi_espirometriaprebdfev1fvc[101],1.61,"[-1.42, 4.52]",0.863,0.848,0.92,6987.8,1
Ymi_espirometriaprebdfev1fvc[102],0.28,"[-2.16, 2.63]",0.594,0.56,0.41,9636.5,1
Ymi_espirometriaprebdfev1fvc[103],-2.51,"[-8.04, 2.89]",0.822,0.812,1.38,4728.5,1
Ymi_espirometriaprebdfev1fvc[104],2.4,"[-19.14, 22.99]",0.587,0.584,3.78,9773.1,1.001
Ymi_espirometriaprebdfev1fvc[105],3.42,"[-8.47, 15.57]",0.704,0.698,2.39,6414.1,1
Ymi_espirometriaprebdfev1fvc[106],-0.25,"[-5.33, 4.58]",0.541,0.525,0.84,5761.7,1
Ymi_espirometriaprebdfev1fvc[109],0.18,"[-2.14, 2.43]",0.563,0.53,0.38,10315.2,1
Ymi_espirometriaprebdfev1fvc[111],1,"[-1.85, 3.81]",0.769,0.746,0.6,5939.6,1
Ymi_espirometriaprebdfev1fvc[113],1.15,"[-1.04, 3.5]",0.85,0.829,0.65,11677.1,1
Ymi_espirometriaprebdfev1fvc[115],1.14,"[-1.43, 4.12]",0.802,0.781,0.67,6124.3,1
Ymi_espirometriaprebdfev1fvc[116],1.07,"[-2.02, 4.12]",0.764,0.742,0.65,6175.9,1
Ymi_espirometriaprebdfev1fvc[117],1.38,"[-1.3, 4.24]",0.845,0.825,0.76,6688.8,1
Ymi_espirometriaprebdfev1fvc[119],1.33,"[-1.43, 4.12]",0.834,0.817,0.76,7297.7,1
Ymi_espirometriaprebdfev1fvc[120],-1.68,"[-5.42, 2.13]",0.806,0.794,0.96,7016.9,1
Ymi_espirometriaprebdfev1fvc[121],0.69,"[-8.79, 9.89]",0.556,0.548,1.65,15582,1
Ymi_espirometriaprebdfev1fvc[122],-3.11,"[-8.25, 2.1]",0.881,0.873,1.78,7625.2,1
Ymi_espirometriaprebdfev1fvc[123],-1.13,"[-4.26, 2.15]",0.759,0.738,0.69,6045.3,1
Ymi_espirometriaprebdfev1fvc[124],-0.3,"[-3.96, 3.6]",0.562,0.541,0.65,5110,1.001
Ymi_espirometriaprebdfev1fvc[125],3.37,"[-0.44, 7.05]",0.957,0.952,2.99,7611.5,1
Ymi_espirometriaprebdfev1fvc[127],1.09,"[-1.3, 3.47]",0.82,0.797,0.62,10308.7,1
Ymi_espirometriaprebdfev1fvc[128],-0.23,"[-9.91, 10.44]",0.518,0.512,1.75,11480.2,1
Ymi_espirometriaprebdfev1fvc[129],1.25,"[-9.26, 11.29]",0.593,0.585,1.84,15005.8,1
Ymi_espirometriaprebdfev1fvc[130],0.75,"[-3.79, 5.27]",0.634,0.617,0.81,5068.9,1
Ymi_espirometriaprebdfev1fvc[131],0.44,"[-2.5, 3.25]",0.626,0.598,0.5,5912.4,1
Ymi_espirometriaprebdfev1fvc[133],1.01,"[-1.49, 3.53]",0.792,0.768,0.57,6657.5,1
Ymi_espirometriaprebdfev1fvc[135],1.39,"[-1.39, 4.17]",0.837,0.819,0.76,7725.8,1
Ymi_espirometriaprebdfev1fvc[136],0.5,"[-2.29, 3.33]",0.641,0.616,0.5,6678.1,1
Ymi_espirometriaprebdfev1fvc[137],-2.08,"[-5.89, 1.71]",0.858,0.847,1.16,6251.6,1
Ymi_espirometriaprebdfev1fvc[139],0.24,"[-2.95, 3.38]",0.562,0.535,0.53,6413.3,1
Ymi_espirometriaprebdfev1fvc[140],0.31,"[-2.33, 3.1]",0.592,0.564,0.46,9359,1
Ymi_espirometriaprebdfev1fvc[141],1.41,"[-1.39, 4.18]",0.846,0.832,0.81,10815.7,1
Ymi_espirometriaprebdfev1fvc[143],-1.79,"[-4.6, 1.47]",0.878,0.864,1.04,7894.6,1
Ymi_espirometriaprebdfev1fvc[146],1.97,"[-1.12, 4.88]",0.902,0.891,1.19,6550,1.001
Ymi_espirometriaprebdfev1fvc[147],-0.09,"[-3.31, 2.92]",0.524,0.498,0.52,6882.1,1
Ymi_espirometriaprebdfev1fvc[148],2.61,"[-4.54, 8.65]",0.778,0.769,1.49,10004,1
Ymi_espirometriaprebdfev1fvc[149],0.07,"[-3.18, 3]",0.52,0.493,0.5,7908.8,1
Ymi_espirometriaprebdfev1fvc[150],0.39,"[-2.57, 3.19]",0.607,0.579,0.49,7393.6,1
Ymi_espirometriaprebdfev1fvc[151],1.77,"[-0.72, 4.36]",0.918,0.907,1.16,7818,1
Ymi_espirometriaprebdfev1fvc[152],3.71,"[-1.34, 8.89]",0.918,0.914,2.49,5983.1,1
Ymi_espirometriaprebdfev1fvc[153],1.06,"[-1.51, 3.51]",0.794,0.771,0.61,7292.8,1
Ymi_espirometriaprebdfev1fvc[154],0.48,"[-1.88, 2.97]",0.658,0.624,0.42,7736.5,1
Ymi_espirometriaprebdfev1fvc[155],1,"[-1.93, 3.96]",0.754,0.732,0.63,6894.1,1
Ymi_espirometriaprebdfev1fvc[156],-0.39,"[-2.79, 2.02]",0.626,0.597,0.43,8709.1,1
Ymi_espirometriaprebdfev1fvc[157],0.57,"[-2.62, 3.81]",0.642,0.619,0.58,7244.3,1
Ymi_espirometriaprebdfev1fvc[158],-1.71,"[-4.58, 1.27]",0.88,0.866,1,7939.6,1
Ymi_espirometriaprebdfev1fvc[159],-0.15,"[-2.22, 2.13]",0.559,0.521,0.35,11674.4,1
Ymi_espirometriaprebdfev1fvc[161],0.24,"[-2.8, 3.31]",0.566,0.539,0.51,8840.8,1
Ymi_espirometriaprebdfev1fvc[163],2.97,"[-1.85, 7.74]",0.891,0.884,1.83,6193.1,1
Ymi_espirometriaprebdfev1fvc[166],0.54,"[-8.35, 9.77]",0.544,0.536,1.58,11846,1
Ymi_espirometriaprebdfev1fvc[167],0.34,"[-2.2, 2.91]",0.611,0.575,0.42,8524.4,1
Ymi_espirometriaprebdfev1fvc[171],0.84,"[-1.39, 2.94]",0.781,0.753,0.48,9486.9,1
Ymi_espirometriaprebdfev1fvc[172],-0.54,"[-7.37, 6.59]",0.56,0.55,1.21,8246.7,1
Ymi_espirometriaprebdfev1fvc[173],0.63,"[-2.31, 3.69]",0.665,0.641,0.54,5877.6,1
Ymi_espirometriaprebdfev1fvc[174],-1.72,"[-4.54, 1.36]",0.871,0.857,0.99,6047.1,1
Ymi_espirometriaprebdfev1fvc[177],0.67,"[-4, 5.24]",0.613,0.597,0.83,11975.9,1
Ymi_espirometriaprebdfef2575ls[2],0.81,"[-1.92, 3.88]",0.714,0.69,0.56,7370.2,1
Ymi_espirometriaprebdfef2575ls[3],-0.04,"[-2.37, 2.49]",0.51,0.478,0.4,6613.4,1
Ymi_espirometriaprebdfef2575ls[4],1.64,"[-0.6, 3.95]",0.924,0.912,1.07,8624.4,1
Ymi_espirometriaprebdfef2575ls[6],1.01,"[-3.28, 5.36]",0.673,0.657,0.8,4624.6,1
Ymi_espirometriaprebdfef2575ls[7],1.42,"[-2.14, 5.03]",0.79,0.773,0.81,4350.6,1.001
Ymi_espirometriaprebdfef2575ls[10],0.46,"[-1.63, 2.66]",0.671,0.635,0.39,10495.8,1
Ymi_espirometriaprebdfef2575ls[11],0.52,"[-3.83, 4.69]",0.597,0.577,0.75,5818.8,1
Ymi_espirometriaprebdfef2575ls[15],-0.51,"[-2.72, 1.71]",0.68,0.648,0.43,7559.4,1
Ymi_espirometriaprebdfef2575ls[16],0.12,"[-4.31, 4.62]",0.522,0.503,0.76,5379.9,1
Ymi_espirometriaprebdfef2575ls[19],0.57,"[-2.93, 4.03]",0.631,0.611,0.61,5299.9,1.001
Ymi_espirometriaprebdfef2575ls[22],-0.72,"[-5.1, 3.62]",0.631,0.614,0.77,5109.1,1.001
Ymi_espirometriaprebdfef2575ls[24],1.33,"[-0.87, 3.58]",0.881,0.864,0.76,8284.7,1
Ymi_espirometriaprebdfef2575ls[25],0.29,"[-1.68, 2.19]",0.619,0.578,0.34,8746.3,1
Ymi_espirometriaprebdfef2575ls[26],0.19,"[-3.12, 3.55]",0.548,0.522,0.56,5418.1,1
Ymi_espirometriaprebdfef2575ls[28],0.38,"[-2.09, 2.8]",0.621,0.587,0.42,6308.7,1
Ymi_espirometriaprebdfef2575ls[31],0.42,"[-4.42, 5.52]",0.564,0.55,0.86,5095.5,1.001
Ymi_espirometriaprebdfef2575ls[33],-0.88,"[-2.84, 1.05]",0.816,0.789,0.49,8061.8,1
Ymi_espirometriaprebdfef2575ls[35],2.45,"[-1.25, 5.77]",0.916,0.907,1.49,6318.8,1
Ymi_espirometriaprebdfef2575ls[36],-0.35,"[-3.66, 3.06]",0.577,0.555,0.6,6052.1,1
Ymi_espirometriaprebdfef2575ls[40],3.16,"[-0.94, 7.08]",0.94,0.935,2.44,6000.8,1
Ymi_espirometriaprebdfef2575ls[42],0.7,"[-1.99, 3.8]",0.687,0.66,0.53,7093.4,1
Ymi_espirometriaprebdfef2575ls[43],-0.74,"[-4.49, 2.93]",0.66,0.642,0.67,5118.5,1
Ymi_espirometriaprebdfef2575ls[45],-0.07,"[-2.28, 2.19]",0.526,0.488,0.37,7023.9,1
Ymi_espirometriaprebdfef2575ls[46],0.93,"[-4.03, 5.87]",0.646,0.631,0.92,3889.5,1
Ymi_espirometriaprebdfef2575ls[48],0.92,"[-4.74, 7.04]",0.624,0.611,1.02,4633.1,1
Ymi_espirometriaprebdfef2575ls[50],-0.32,"[-4.68, 3.85]",0.559,0.541,0.73,5290.4,1
Ymi_espirometriaprebdfef2575ls[51],1.08,"[-1.09, 3.13]",0.847,0.823,0.59,12462,1
Ymi_espirometriaprebdfef2575ls[52],0.48,"[-2.2, 3.22]",0.647,0.616,0.47,5745,1
Ymi_espirometriaprebdfef2575ls[55],1.28,"[-0.91, 3.48]",0.882,0.863,0.73,7210.5,1
Ymi_espirometriaprebdfef2575ls[57],0.9,"[-1.69, 3.32]",0.77,0.745,0.55,9536.7,1
Ymi_espirometriaprebdfef2575ls[58],0.03,"[-4.07, 4.06]",0.505,0.486,0.66,3901.1,1
Ymi_espirometriaprebdfef2575ls[59],-0.83,"[-3.6, 1.64]",0.737,0.713,0.56,5089.3,1
Ymi_espirometriaprebdfef2575ls[60],-0.72,"[-3.34, 2.19]",0.696,0.671,0.54,7194.9,1
Ymi_espirometriaprebdfef2575ls[61],-0.55,"[-8.26, 7]",0.556,0.547,1.3,10392.7,1
Ymi_espirometriaprebdfef2575ls[62],1.79,"[-2.07, 5.84]",0.813,0.8,0.99,5710.4,1
Ymi_espirometriaprebdfef2575ls[64],0.99,"[-1.03, 2.92]",0.838,0.812,0.55,9665.2,1
Ymi_espirometriaprebdfef2575ls[66],1.98,"[-0.45, 4.44]",0.943,0.933,1.38,6641.9,1
Ymi_espirometriaprebdfef2575ls[67],0.61,"[-2.56, 3.62]",0.653,0.628,0.54,4443,1
Ymi_espirometriaprebdfef2575ls[68],0.41,"[-4.56, 5.58]",0.564,0.547,0.83,6493.2,1
Ymi_espirometriaprebdfef2575ls[69],0.45,"[-2.09, 3]",0.637,0.609,0.46,7549.8,1
Ymi_espirometriaprebdfef2575ls[70],1.44,"[-1.69, 4.24]",0.835,0.817,0.79,5223.3,1
Ymi_espirometriaprebdfef2575ls[71],0.59,"[-1.55, 2.78]",0.708,0.676,0.42,7392.5,1
Ymi_espirometriaprebdfef2575ls[72],-0.27,"[-5.05, 4.32]",0.548,0.532,0.79,5223.6,1
Ymi_espirometriaprebdfef2575ls[73],-0.12,"[-5.3, 4.5]",0.521,0.504,0.82,7872.1,1
Ymi_espirometriaprebdfef2575ls[75],-0.3,"[-6.27, 5.66]",0.541,0.527,1.06,5205.9,1.001
Ymi_espirometriaprebdfef2575ls[76],1.44,"[-1.36, 4.31]",0.854,0.836,0.81,4558.2,1.002
Ymi_espirometriaprebdfef2575ls[77],-0.91,"[-3.1, 1.07]",0.804,0.78,0.51,11058.1,1
Ymi_espirometriaprebdfef2575ls[82],0.31,"[-1.95, 2.6]",0.608,0.574,0.4,9054.6,1
Ymi_espirometriaprebdfef2575ls[83],2.42,"[-5.99, 11.8]",0.711,0.703,1.76,3781.3,1
Ymi_espirometriaprebdfef2575ls[90],-0.89,"[-3.64, 2.06]",0.736,0.713,0.59,7025.6,1
Ymi_espirometriaprebdfef2575ls[92],0.45,"[-2.55, 3.7]",0.616,0.593,0.53,5795.4,1
Ymi_espirometriaprebdfef2575ls[94],-0.01,"[-2.6, 2.65]",0.502,0.473,0.44,4725,1
Ymi_espirometriaprebdfef2575ls[96],0.47,"[-1.88, 2.68]",0.654,0.62,0.41,6443.5,1
Ymi_espirometriaprebdfef2575ls[97],0.45,"[-2, 2.76]",0.647,0.613,0.41,6098.6,1
Ymi_espirometriaprebdfef2575ls[98],0.53,"[-4.2, 5.36]",0.587,0.572,0.81,5307.7,1
Ymi_espirometriaprebdfef2575ls[99],1.62,"[-9.93, 13.8]",0.611,0.604,2.08,15707.7,1
Ymi_espirometriaprebdfef2575ls[100],-0.24,"[-2.68, 2.19]",0.577,0.543,0.42,6483,1
Ymi_espirometriaprebdfef2575ls[101],1.59,"[-1.03, 4.05]",0.894,0.878,0.92,5928.7,1
Ymi_espirometriaprebdfef2575ls[102],0.35,"[-1.69, 2.39]",0.636,0.599,0.37,9654.5,1.001
Ymi_espirometriaprebdfef2575ls[103],-0.46,"[-5.2, 4.3]",0.583,0.566,0.8,4123.3,1
Ymi_espirometriaprebdfef2575ls[104],-0.86,"[-21.02, 20.57]",0.531,0.528,3.68,9203.2,1
Ymi_espirometriaprebdfef2575ls[105],3.66,"[-7.66, 14.86]",0.738,0.732,2.28,6963,1
Ymi_espirometriaprebdfef2575ls[106],0.59,"[-3.78, 4.92]",0.608,0.588,0.75,4929.4,1
Ymi_espirometriaprebdfef2575ls[109],-0.29,"[-2.31, 1.67]",0.621,0.581,0.34,9964.9,1
Ymi_espirometriaprebdfef2575ls[111],0.48,"[-1.94, 2.93]",0.65,0.622,0.44,5896.3,1
Ymi_espirometriaprebdfef2575ls[113],0.61,"[-1.35, 2.66]",0.732,0.698,0.4,10809.6,1
Ymi_espirometriaprebdfef2575ls[115],0.73,"[-1.74, 3.04]",0.738,0.706,0.46,5192.6,1
Ymi_espirometriaprebdfef2575ls[116],0.87,"[-1.71, 3.62]",0.743,0.719,0.54,5113.9,1
Ymi_espirometriaprebdfef2575ls[117],0.93,"[-1.43, 3.4]",0.782,0.758,0.56,6115.6,1
Ymi_espirometriaprebdfef2575ls[119],0.89,"[-1.59, 3.19]",0.78,0.756,0.54,6761.8,1
Ymi_espirometriaprebdfef2575ls[120],-1.12,"[-4.42, 2.2]",0.749,0.733,0.71,6119.2,1
Ymi_espirometriaprebdfef2575ls[121],0,"[-9.51, 8.71]",0.5,0.491,1.55,14312.5,1
Ymi_espirometriaprebdfef2575ls[122],-0.52,"[-5, 3.9]",0.59,0.573,0.78,7571.4,1
Ymi_espirometriaprebdfef2575ls[123],-0.21,"[-3, 2.64]",0.561,0.532,0.48,5469.9,1
Ymi_espirometriaprebdfef2575ls[124],1.07,"[-2.25, 4.35]",0.747,0.726,0.65,4367.5,1
Ymi_espirometriaprebdfef2575ls[125],2.13,"[-1.13, 5.39]",0.903,0.892,1.3,6578.2,1
Ymi_espirometriaprebdfef2575ls[127],1.1,"[-1.05, 3.11]",0.856,0.83,0.6,9982.6,1
Ymi_espirometriaprebdfef2575ls[128],-1.18,"[-11.44, 8.6]",0.591,0.585,1.73,10580.4,1
Ymi_espirometriaprebdfef2575ls[129],0.39,"[-9.87, 9.89]",0.532,0.524,1.62,14131,1
Ymi_espirometriaprebdfef2575ls[130],0.98,"[-2.88, 4.91]",0.698,0.681,0.75,4284.9,1
Ymi_espirometriaprebdfef2575ls[131],-0.03,"[-2.62, 2.5]",0.51,0.478,0.42,5356.7,1
Ymi_espirometriaprebdfef2575ls[133],0.65,"[-1.39, 2.95]",0.731,0.696,0.43,6122.1,1
Ymi_espirometriaprebdfef2575ls[135],0.73,"[-1.69, 3.18]",0.726,0.699,0.49,6906.8,1
Ymi_espirometriaprebdfef2575ls[136],0.45,"[-2.08, 2.84]",0.645,0.618,0.45,6453.2,1
Ymi_espirometriaprebdfef2575ls[137],-0.64,"[-3.91, 2.72]",0.649,0.628,0.6,5430.3,1
Ymi_espirometriaprebdfef2575ls[139],0.23,"[-2.5, 2.93]",0.568,0.54,0.45,6177.4,1
Ymi_espirometriaprebdfef2575ls[140],0.23,"[-2.12, 2.6]",0.576,0.542,0.4,8105,1
Ymi_espirometriaprebdfef2575ls[141],1.26,"[-1.26, 3.58]",0.848,0.83,0.7,9646.1,1
Ymi_espirometriaprebdfef2575ls[143],-1.81,"[-4.39, 0.85]",0.91,0.898,1.14,7522.9,1
Ymi_espirometriaprebdfef2575ls[146],2.45,"[-0.11, 5.04]",0.967,0.963,2.6,5993.8,1
Ymi_espirometriaprebdfef2575ls[147],-0.3,"[-3.25, 2.3]",0.584,0.553,0.47,5969.2,1
Ymi_espirometriaprebdfef2575ls[148],1.29,"[-4.89, 7.24]",0.655,0.645,1.11,9884.6,1
Ymi_espirometriaprebdfef2575ls[149],-0.88,"[-3.74, 1.62]",0.747,0.725,0.55,7118.7,1
Ymi_espirometriaprebdfef2575ls[150],-0.03,"[-2.43, 2.56]",0.512,0.479,0.42,6261.1,1
Ymi_espirometriaprebdfef2575ls[151],1.14,"[-0.96, 3.4]",0.855,0.833,0.63,7621.7,1
Ymi_espirometriaprebdfef2575ls[152],0.34,"[-4.02, 4.77]",0.561,0.544,0.76,6036.9,1
Ymi_espirometriaprebdfef2575ls[153],1.21,"[-0.89, 3.42]",0.867,0.847,0.7,6429.7,1
Ymi_espirometriaprebdfef2575ls[154],-0.02,"[-2.2, 2.1]",0.509,0.473,0.36,6688.8,1
Ymi_espirometriaprebdfef2575ls[155],0.57,"[-2, 3.06]",0.675,0.647,0.46,7469,1
Ymi_espirometriaprebdfef2575ls[156],-0.85,"[-2.88, 1.23]",0.797,0.768,0.48,7231.4,1
Ymi_espirometriaprebdfef2575ls[157],-0.91,"[-3.77, 1.9]",0.734,0.711,0.58,6191.7,1
Ymi_espirometriaprebdfef2575ls[158],-1.59,"[-4.06, 0.93]",0.896,0.882,0.92,7810.7,1
Ymi_espirometriaprebdfef2575ls[159],0.16,"[-1.65, 2.08]",0.572,0.529,0.32,11717.8,1
Ymi_espirometriaprebdfef2575ls[161],-0.24,"[-2.84, 2.44]",0.569,0.54,0.46,7407.6,1
Ymi_espirometriaprebdfef2575ls[163],2.8,"[-1.06, 7.09]",0.913,0.905,1.67,5884.7,1
Ymi_espirometriaprebdfef2575ls[166],0.35,"[-8.73, 9.18]",0.534,0.525,1.48,10097.9,1
Ymi_espirometriaprebdfef2575ls[167],-0.25,"[-2.48, 1.9]",0.591,0.557,0.39,7858.6,1
Ymi_espirometriaprebdfef2575ls[171],0.8,"[-1.06, 2.69]",0.804,0.771,0.45,9996.1,1
Ymi_espirometriaprebdfef2575ls[172],-0.67,"[-7.41, 6.05]",0.578,0.565,1.17,7860.6,1
Ymi_espirometriaprebdfef2575ls[173],0.11,"[-2.48, 2.69]",0.532,0.501,0.45,5898.7,1
Ymi_espirometriaprebdfef2575ls[174],-0.81,"[-3.39, 1.74]",0.739,0.713,0.54,5822.4,1
Ymi_espirometriaprebdfef2575ls[177],-0.27,"[-4.66, 4.3]",0.549,0.531,0.76,12638.5,1
Ymi_espirometriaprebdfefmaxls[2],2.27,"[-0.82, 5.15]",0.932,0.922,1.58,7187.3,1
Ymi_espirometriaprebdfefmaxls[3],0.04,"[-2.33, 2.55]",0.512,0.479,0.41,6915.8,1
Ymi_espirometriaprebdfefmaxls[4],2.48,"[0.04, 4.74]",0.982,0.978,3.32,8168.4,1
Ymi_espirometriaprebdfefmaxls[6],0.41,"[-3.97, 4.77]",0.572,0.554,0.76,4986.7,1
Ymi_espirometriaprebdfefmaxls[7],-0.12,"[-3.75, 3.44]",0.529,0.507,0.59,4618.6,1
Ymi_espirometriaprebdfefmaxls[10],0.14,"[-1.92, 2.39]",0.552,0.514,0.37,10670.1,1
Ymi_espirometriaprebdfefmaxls[11],-0.35,"[-4.83, 3.9]",0.564,0.547,0.74,5849.8,1
Ymi_espirometriaprebdfefmaxls[15],0.38,"[-2.01, 2.52]",0.631,0.597,0.4,7724,1
Ymi_espirometriaprebdfefmaxls[16],3.35,"[-1.22, 7.98]",0.928,0.921,2.21,5938.2,1
Ymi_espirometriaprebdfefmaxls[19],2.64,"[-1.07, 6.07]",0.929,0.921,1.83,6133.4,1
Ymi_espirometriaprebdfefmaxls[22],1.81,"[-2.54, 6.21]",0.795,0.78,1.07,5884.6,1
Ymi_espirometriaprebdfefmaxls[24],0.82,"[-1.49, 3.09]",0.767,0.741,0.49,8297.8,1
Ymi_espirometriaprebdfefmaxls[25],-0.3,"[-2.23, 1.64]",0.621,0.582,0.34,9481.9,1
Ymi_espirometriaprebdfefmaxls[26],3.03,"[-0.52, 6.43]",0.958,0.954,2.82,5874.7,1
Ymi_espirometriaprebdfefmaxls[28],-0.41,"[-3.01, 2.04]",0.627,0.595,0.44,6879.5,1
Ymi_espirometriaprebdfefmaxls[31],0.39,"[-4.53, 5.51]",0.558,0.543,0.87,5889.1,1
Ymi_espirometriaprebdfefmaxls[33],0.14,"[-1.85, 2.11]",0.56,0.518,0.33,7994.2,1.001
Ymi_espirometriaprebdfefmaxls[35],1.85,"[-1.92, 5.31]",0.848,0.836,1.02,6112.3,1
Ymi_espirometriaprebdfefmaxls[36],0.35,"[-3.01, 3.79]",0.581,0.559,0.58,6112,1
Ymi_espirometriaprebdfefmaxls[40],-0.36,"[-4.4, 3.67]",0.568,0.548,0.7,5928.2,1
Ymi_espirometriaprebdfefmaxls[42],0.42,"[-2.49, 3.35]",0.614,0.587,0.51,6896.8,1
Ymi_espirometriaprebdfefmaxls[43],1.3,"[-2.39, 5.13]",0.76,0.744,0.78,5956.5,1
Ymi_espirometriaprebdfefmaxls[45],0.83,"[-1.51, 3.05]",0.773,0.747,0.49,7114,1
Ymi_espirometriaprebdfefmaxls[46],-2.43,"[-7.77, 2.76]",0.815,0.805,1.36,3798.7,1
Ymi_espirometriaprebdfefmaxls[48],-3.49,"[-9.71, 2.35]",0.87,0.863,2.03,4564.5,1
Ymi_espirometriaprebdfefmaxls[50],2.21,"[-2.04, 6.44]",0.843,0.832,1.21,6125.2,1
Ymi_espirometriaprebdfefmaxls[51],0.45,"[-1.72, 2.51]",0.662,0.626,0.39,12196.6,1
Ymi_espirometriaprebdfefmaxls[52],2.13,"[-0.69, 4.84]",0.93,0.92,1.41,6066.9,1
Ymi_espirometriaprebdfefmaxls[55],0.83,"[-1.33, 3.09]",0.776,0.747,0.47,6868,1
Ymi_espirometriaprebdfefmaxls[57],0.69,"[-1.89, 3.17]",0.714,0.685,0.48,9012.2,1
Ymi_espirometriaprebdfefmaxls[58],2.72,"[-1.45, 6.98]",0.909,0.901,1.68,4317,1.001
Ymi_espirometriaprebdfefmaxls[59],-0.72,"[-3.3, 2.1]",0.701,0.673,0.52,4759.6,1
Ymi_espirometriaprebdfefmaxls[60],0.16,"[-2.58, 3.09]",0.547,0.517,0.48,6972.3,1
Ymi_espirometriaprebdfefmaxls[61],0.17,"[-7.83, 8.18]",0.517,0.508,1.33,9261.6,1
Ymi_espirometriaprebdfefmaxls[62],-2.48,"[-6.54, 1.49]",0.891,0.882,1.45,5664,1
Ymi_espirometriaprebdfefmaxls[64],1.32,"[-0.71, 3.29]",0.903,0.884,0.78,9205.2,1
Ymi_espirometriaprebdfefmaxls[66],0.09,"[-2.44, 2.59]",0.533,0.498,0.43,6850,1.001
Ymi_espirometriaprebdfefmaxls[67],0.65,"[-2.44, 3.74]",0.667,0.642,0.55,4015,1
Ymi_espirometriaprebdfefmaxls[68],-2.34,"[-7.35, 2.93]",0.809,0.798,1.3,6523.3,1
Ymi_espirometriaprebdfefmaxls[69],-0.35,"[-2.91, 2.16]",0.61,0.578,0.44,7547,1
Ymi_espirometriaprebdfefmaxls[70],-0.21,"[-3.17, 2.94]",0.559,0.532,0.5,5688.4,1
Ymi_espirometriaprebdfefmaxls[71],0.68,"[-1.51, 2.81]",0.738,0.709,0.45,7265.6,1
Ymi_espirometriaprebdfefmaxls[72],1.28,"[-3.59, 5.98]",0.702,0.687,0.93,4995.2,1
Ymi_espirometriaprebdfefmaxls[73],-0.85,"[-5.77, 4.11]",0.637,0.622,0.89,7662.2,1
Ymi_espirometriaprebdfefmaxls[75],3.16,"[-3.39, 8.95]",0.848,0.84,1.7,5765.5,1
Ymi_espirometriaprebdfefmaxls[76],0.6,"[-2.24, 3.44]",0.661,0.631,0.52,5111.5,1
Ymi_espirometriaprebdfefmaxls[77],-0.5,"[-2.48, 1.72]",0.678,0.642,0.4,11030.1,1
Ymi_espirometriaprebdfefmaxls[82],0.85,"[-1.43, 3.18]",0.772,0.745,0.52,8405.4,1
Ymi_espirometriaprebdfefmaxls[83],-4.77,"[-13.74, 4.94]",0.835,0.83,2.67,3649.2,1.001
Ymi_espirometriaprebdfefmaxls[90],0.1,"[-2.77, 2.91]",0.527,0.499,0.47,7590.3,1
Ymi_espirometriaprebdfefmaxls[92],-0.4,"[-3.5, 2.75]",0.595,0.572,0.57,5448.3,1
Ymi_espirometriaprebdfefmaxls[94],0.49,"[-2.13, 3.24]",0.643,0.615,0.48,5186.3,1
Ymi_espirometriaprebdfefmaxls[96],-0.66,"[-2.97, 1.71]",0.713,0.682,0.48,6018.4,1
Ymi_espirometriaprebdfefmaxls[97],0.93,"[-1.51, 3.39]",0.789,0.762,0.54,5837.2,1
Ymi_espirometriaprebdfefmaxls[98],1.57,"[-3.66, 6.42]",0.733,0.719,1.03,5305,1
Ymi_espirometriaprebdfefmaxls[99],0.96,"[-10.84, 13.37]",0.564,0.557,2.04,14704.4,1
Ymi_espirometriaprebdfefmaxls[100],0.71,"[-1.75, 3.25]",0.717,0.69,0.49,6165.5,1
Ymi_espirometriaprebdfefmaxls[101],0.91,"[-1.65, 3.6]",0.771,0.746,0.55,5952.8,1
Ymi_espirometriaprebdfefmaxls[102],0.31,"[-1.88, 2.27]",0.618,0.579,0.36,9981.7,1
Ymi_espirometriaprebdfefmaxls[103],1.98,"[-3.07, 6.79]",0.784,0.772,1.12,4009.4,1
Ymi_espirometriaprebdfefmaxls[104],-0.61,"[-20.78, 21.71]",0.522,0.518,3.67,10115.4,1
Ymi_espirometriaprebdfefmaxls[105],6.95,"[-4.89, 17.98]",0.876,0.873,3.78,6349.9,1
Ymi_espirometriaprebdfefmaxls[106],1.03,"[-3.58, 5.65]",0.682,0.665,0.84,4909.1,1
Ymi_espirometriaprebdfefmaxls[109],0.25,"[-1.79, 2.28]",0.598,0.56,0.35,9705.3,1
Ymi_espirometriaprebdfefmaxls[111],-0.75,"[-3.12, 1.81]",0.728,0.698,0.49,6238,1
Ymi_espirometriaprebdfefmaxls[113],-0.62,"[-2.66, 1.35]",0.735,0.702,0.41,10345.5,1
Ymi_espirometriaprebdfefmaxls[115],0.94,"[-1.44, 3.29]",0.795,0.767,0.52,5789.3,1
Ymi_espirometriaprebdfefmaxls[116],1.64,"[-1.01, 4.42]",0.892,0.876,0.96,4777.9,1
Ymi_espirometriaprebdfefmaxls[117],0.78,"[-1.74, 3.14]",0.743,0.716,0.48,6825.3,1
Ymi_espirometriaprebdfefmaxls[119],0.56,"[-1.81, 2.92]",0.686,0.655,0.44,6774.8,1
Ymi_espirometriaprebdfefmaxls[120],0.47,"[-3.08, 3.85]",0.61,0.588,0.6,5953.5,1
Ymi_espirometriaprebdfefmaxls[121],-1.38,"[-10.56, 8.1]",0.619,0.611,1.61,13652.6,1
Ymi_espirometriaprebdfefmaxls[122],0.1,"[-4.77, 4.76]",0.516,0.5,0.77,7781.1,1
Ymi_espirometriaprebdfefmaxls[123],-0.42,"[-3.12, 2.72]",0.617,0.59,0.51,5763.1,1
Ymi_espirometriaprebdfefmaxls[124],0.82,"[-2.52, 4.22]",0.692,0.672,0.64,4944.6,1
Ymi_espirometriaprebdfefmaxls[125],-0.47,"[-3.97, 2.65]",0.615,0.592,0.57,6794.8,1
Ymi_espirometriaprebdfefmaxls[127],-0.46,"[-2.62, 1.6]",0.673,0.637,0.39,8484.6,1
Ymi_espirometriaprebdfefmaxls[128],-2.55,"[-12.08, 7.78]",0.694,0.688,1.95,11410.5,1
Ymi_espirometriaprebdfefmaxls[129],-0.61,"[-10.36, 9.67]",0.549,0.541,1.69,13771,1
Ymi_espirometriaprebdfefmaxls[130],-1.37,"[-5.48, 2.54]",0.751,0.734,0.83,4178.6,1
Ymi_espirometriaprebdfefmaxls[131],0.52,"[-2.1, 3.15]",0.657,0.629,0.47,5342.6,1
Ymi_espirometriaprebdfefmaxls[133],0.72,"[-1.36, 2.96]",0.752,0.723,0.44,7217,1
Ymi_espirometriaprebdfefmaxls[135],-0.99,"[-3.62, 1.44]",0.777,0.753,0.57,6821.2,1
Ymi_espirometriaprebdfefmaxls[136],-0.17,"[-2.56, 2.38]",0.561,0.525,0.42,7071.3,1
Ymi_espirometriaprebdfefmaxls[137],-0.5,"[-3.68, 2.97]",0.616,0.593,0.6,6032.6,1
Ymi_espirometriaprebdfefmaxls[139],1.14,"[-1.46, 3.99]",0.795,0.773,0.64,6061,1
Ymi_espirometriaprebdfefmaxls[140],0.2,"[-2.24, 2.59]",0.565,0.535,0.41,8149.9,1
Ymi_espirometriaprebdfefmaxls[141],-1.05,"[-3.52, 1.39]",0.804,0.781,0.6,9969.2,1
Ymi_espirometriaprebdfefmaxls[143],0.36,"[-2.38, 2.85]",0.603,0.577,0.47,7214.2,1
Ymi_espirometriaprebdfefmaxls[146],0.73,"[-1.93, 3.27]",0.711,0.685,0.51,6165.9,1
Ymi_espirometriaprebdfefmaxls[147],-0.35,"[-3.3, 2.33]",0.606,0.576,0.47,6219.8,1
Ymi_espirometriaprebdfefmaxls[148],0.92,"[-5.2, 7.1]",0.612,0.6,1.09,10934.2,1
Ymi_espirometriaprebdfefmaxls[149],-0.67,"[-3.36, 2.01]",0.693,0.668,0.51,6957.6,1
Ymi_espirometriaprebdfefmaxls[150],0.2,"[-2.38, 2.69]",0.565,0.531,0.41,5932.2,1
Ymi_espirometriaprebdfefmaxls[151],0.02,"[-2.19, 2.12]",0.506,0.469,0.37,7589.7,1
Ymi_espirometriaprebdfefmaxls[152],-2.18,"[-6.65, 2.59]",0.827,0.814,1.22,5566.9,1.001
Ymi_espirometriaprebdfefmaxls[153],0.59,"[-1.65, 2.91]",0.698,0.666,0.44,6455.3,1
Ymi_espirometriaprebdfefmaxls[154],0.79,"[-1.36, 2.93]",0.771,0.745,0.49,7746.8,1
Ymi_espirometriaprebdfefmaxls[155],0.68,"[-1.92, 3.25]",0.71,0.681,0.48,6286.6,1
Ymi_espirometriaprebdfefmaxls[156],0.49,"[-1.58, 2.62]",0.677,0.645,0.4,8444.6,1
Ymi_espirometriaprebdfefmaxls[157],0.32,"[-2.58, 3.22]",0.588,0.559,0.5,6497.8,1
Ymi_espirometriaprebdfefmaxls[158],0.2,"[-2.28, 2.88]",0.564,0.531,0.43,7409.2,1
Ymi_espirometriaprebdfefmaxls[159],-0.02,"[-1.9, 1.94]",0.508,0.464,0.31,11862.1,1.001
Ymi_espirometriaprebdfefmaxls[161],-0.65,"[-3.3, 2.03]",0.686,0.659,0.49,7714.6,1
Ymi_espirometriaprebdfefmaxls[163],-0.75,"[-4.82, 3.53]",0.634,0.616,0.77,5673,1
Ymi_espirometriaprebdfefmaxls[166],1.29,"[-7.71, 9.98]",0.611,0.601,1.64,11311.8,1
Ymi_espirometriaprebdfefmaxls[167],-0.18,"[-2.46, 2.07]",0.562,0.525,0.38,7962.1,1.001
Ymi_espirometriaprebdfefmaxls[171],-0.55,"[-2.47, 1.39]",0.72,0.685,0.37,10084.5,1
Ymi_espirometriaprebdfefmaxls[172],1.63,"[-4.73, 8.49]",0.676,0.664,1.33,8388.9,1
Ymi_espirometriaprebdfefmaxls[173],1.44,"[-1.23, 4.01]",0.866,0.849,0.82,6296.6,1
Ymi_espirometriaprebdfefmaxls[174],-0.42,"[-3.05, 2.22]",0.63,0.6,0.45,6225.6,1
Ymi_espirometriaprebdfefmaxls[177],-0.42,"[-4.63, 4.25]",0.574,0.558,0.78,13312.5,1
lprior,-654.17,"[-665.98, -644.41]",1,1,222889.29,3423.2,1
lp__,-1128.83,"[-1301.15, -978.31]",1,1,2989764.8,211.7,1
sigma_celularlymphocytessubsetscd45,0.94,"[0.83, 1.07]",1,1,2177.08,7540.4,1
sigma_celularlymphocytessubsetscd19,1.04,"[0.92, 1.19]",1,1,2456.62,10169.2,1
sigma_celularlymphocytessubsetscd3,0.98,"[0.87, 1.11]",1,1,876.88,9083.4,1
sigma_celularlymphocytessubsetscd4,0.92,"[0.8, 1.03]",1,1,1669.94,9118.5,1
sigma_celularlymphocytessubsetscd8,1,"[0.88, 1.13]",1,1,2608.53,9786.5,1
sigma_celularlymphocytessubsetscd56,0.91,"[0.8, 1.03]",1,1,1163.98,9121.8,1.001
Intercept_celularlymphocytessubsetscd45,0.04,"[0, 0.13]",1,0.124,0.02,8940.6,1
Intercept_celularlymphocytessubsetscd19,0.02,"[0, 0.07]",1,0.01,0.01,11229,1
Intercept_celularlymphocytessubsetscd3,0.03,"[0, 0.08, 0.08, 0.08]",1,0.015,0.01,10144.6,1
Intercept_celularlymphocytessubsetscd4,0.02,"[0, 0.07, 0.07, 0.08]",1,0.011,0.01,9797,1
Intercept_celularlymphocytessubsetscd8,0.02,"[0, 0.07]",1,0.005,0.01,11201.2,1
Intercept_celularlymphocytessubsetscd56,0.02,"[0, 0.06]",1,0.003,0.01,12046,1
rescor__celularlymphocytessubsetscd45__celularlymphocytessubsetscd19,0.06,"[-0.12, 0.22]",0.757,0.33,0.04,11435.2,1
rescor__celularlymphocytessubsetscd45__celularlymphocytessubsetscd3,-0.05,"[-0.22, 0.11]",0.729,0.287,0.04,14434,1
rescor__celularlymphocytessubsetscd19__celularlymphocytessubsetscd3,-0.55,"[-0.67, -0.43]",1,1,2548.03,9966.1,1
rescor__celularlymphocytessubsetscd45__celularlymphocytessubsetscd4,-0.03,"[-0.2, 0.13]",0.639,0.224,0.03,11349.8,1
rescor__celularlymphocytessubsetscd19__celularlymphocytessubsetscd4,-0.23,"[-0.39, -0.06]",0.996,0.935,0.95,10788.9,1
rescor__celularlymphocytessubsetscd3__celularlymphocytessubsetscd4,0.38,"[0.24, 0.53]",1,1,68.71,11881.7,1
rescor__celularlymphocytessubsetscd45__celularlymphocytessubsetscd8,0.03,"[-0.15, 0.19]",0.615,0.192,0.03,13028.6,1
rescor__celularlymphocytessubsetscd19__celularlymphocytessubsetscd8,-0.28,"[-0.43, -0.12]",1,0.985,17.68,10747.8,1
rescor__celularlymphocytessubsetscd3__celularlymphocytessubsetscd8,0.44,"[0.3, 0.58]",1,1,2909.6,10655.9,1
rescor__celularlymphocytessubsetscd4__celularlymphocytessubsetscd8,-0.46,"[-0.59, -0.32]",1,1,2856.64,9995.2,1
rescor__celularlymphocytessubsetscd45__celularlymphocytessubsetscd56,-0.03,"[-0.2, 0.14]",0.611,0.195,0.03,9687.5,1
rescor__celularlymphocytessubsetscd19__celularlymphocytessubsetscd56,-0.16,"[-0.31, 0.01]",0.964,0.744,0.14,9840.7,1
rescor__celularlymphocytessubsetscd3__celularlymphocytessubsetscd56,-0.46,"[-0.59, -0.32]",1,1,2835.13,11394,1.001
rescor__celularlymphocytessubsetscd4__celularlymphocytessubsetscd56,-0.13,"[-0.3, 0.03]",0.931,0.629,0.08,9863.2,1
rescor__celularlymphocytessubsetscd8__celularlymphocytessubsetscd56,-0.27,"[-0.41, -0.1]",1,0.976,5.63,9358.8,1
lprior,-752.16,"[-758.93, -746.03]",1,1,139146.83,5392.2,1
lp__,-2040.18,"[-2070.67, -2007.9]",1,1,473280.85,2908,1.001
